fold,threshold,row_index_in_fold,probability,y_true,y_pred,regime_ok,timestamp,close
1,0.3,0,0.3615879546977231,0,1,0,2024-01-08,183.65213012695312
1,0.3,1,0.4233031416231153,0,1,0,2024-01-09,183.2364654541016
1,0.3,2,0.40378960364283234,1,1,0,2024-01-10,184.2756805419922
1,0.3,3,0.44218344100233525,1,1,0,2024-01-11,183.68182373046875
1,0.3,4,0.44260912013406845,1,1,0,2024-01-12,184.0084381103516
1,0.3,5,0.44146046584215204,1,1,0,2024-01-16,181.74197387695312
1,0.3,6,0.5113455469084973,1,1,0,2024-01-17,180.8017120361328
1,0.3,7,0.4444201698092089,1,1,0,2024-01-18,186.69058227539065
1,0.3,8,0.4235980076165739,1,1,1,2024-01-19,189.59043884277344
1,0.3,9,0.4051184967690355,0,1,1,2024-01-22,191.8964691162109
1,0.3,10,0.41498468606613936,0,1,0,2024-01-23,193.1732177734375
1,0.3,11,0.40714336729201134,0,1,0,2024-01-24,192.500244140625
1,0.3,12,0.38013104547617826,0,1,0,2024-01-25,192.173583984375
1,0.3,13,0.3574308451411647,0,1,0,2024-01-26,190.44158935546875
1,0.3,14,0.35998718449480044,0,1,0,2024-01-29,189.75868225097656
1,0.3,15,0.3474294356523116,1,1,0,2024-01-30,186.10662841796875
1,0.3,16,0.42326710974557846,1,1,0,2024-01-31,182.50405883789065
1,0.3,17,0.4289093125089451,1,1,0,2024-02-01,184.9387359619141
1,0.3,18,0.38823482320981545,1,1,0,2024-02-02,183.9391632080078
1,0.3,19,0.38088988766877485,0,1,0,2024-02-05,185.75030517578125
1,0.3,20,0.41972491984668564,0,1,0,2024-02-06,187.35366821289065
1,0.3,21,0.4229913826617614,0,1,0,2024-02-07,187.46255493164065
1,0.3,22,0.42920738915487117,0,1,0,2024-02-08,186.38375854492188
1,0.3,23,0.44082689698426303,0,1,0,2024-02-09,187.14682006835935
1,0.3,24,0.4247307793954704,0,1,0,2024-02-12,185.46212768554688
1,0.3,25,0.4538632778183254,0,1,0,2024-02-13,183.3711395263672
1,0.3,26,0.4354997637749969,0,1,0,2024-02-14,182.48919677734372
1,0.3,27,0.4438847700092856,0,1,0,2024-02-15,182.2017822265625
1,0.3,28,0.4900547391345818,0,1,0,2024-02-16,180.6657867431641
1,0.3,29,0.5071221330151651,1,1,0,2024-02-20,179.9225311279297
1,0.3,30,0.501601743944652,0,1,0,2024-02-21,180.6757049560547
1,0.3,31,0.4988593893796288,0,1,0,2024-02-22,182.7072296142578
1,0.3,32,0.5306258974563179,0,1,0,2024-02-23,180.87388610839844
1,0.3,33,0.5513159362796302,0,1,0,2024-02-26,179.52615356445312
1,0.3,34,0.5069473832470255,0,1,0,2024-02-27,180.98291015625
1,0.3,35,0.5225117861700649,0,1,0,2024-02-28,179.7838134765625
1,0.3,36,0.4585810397913707,0,1,0,2024-02-29,179.11985778808594
1,0.3,37,0.46342791696134933,0,1,0,2024-03-01,178.03968811035156
1,0.3,38,0.5670476088362404,0,1,0,2024-03-04,173.5208282470703
1,0.3,39,0.6831673152008082,1,1,0,2024-03-05,168.58570861816406
1,0.3,40,0.6485407611720279,1,1,0,2024-03-06,167.59474182128906
1,0.3,41,0.6743829646275646,1,1,0,2024-03-07,167.47584533691406
1,0.3,42,0.6222624321751713,1,1,0,2024-03-08,169.19021606445312
1,0.3,43,0.5648823686786137,1,1,0,2024-03-11,171.1920166015625
1,0.3,44,0.591378804485934,1,1,0,2024-03-12,171.6676788330078
1,0.3,45,0.5943761538449536,1,1,0,2024-03-13,169.58665466308594
1,0.3,46,0.5657968787795775,0,1,0,2024-03-14,171.43975830078125
1,0.3,47,0.49922561908911367,0,1,0,2024-03-15,171.06317138671875
1,0.3,48,0.5122160897634477,0,1,0,2024-03-18,172.15325927734375
1,0.3,49,0.4952348805679584,0,1,0,2024-03-19,174.49197387695312
1,0.3,50,0.44193196880049757,0,1,0,2024-03-20,177.05860900878906
1,0.3,51,0.3500969557531697,0,1,0,2024-03-21,169.82444763183594
1,0.3,52,0.3225577194437604,0,1,0,2024-03-22,170.7262420654297
1,0.3,53,0.31596670558867074,0,1,0,2024-03-25,169.3091583251953
1,0.3,54,0.3304831225535185,0,1,0,2024-03-26,168.179443359375
1,0.3,55,0.25260416468555963,0,0,0,2024-03-27,171.74696350097656
1,0.3,56,0.32763517521380164,0,1,0,2024-03-28,169.93345642089844
1,0.3,57,0.34202095718771863,0,1,0,2024-04-01,168.49655151367188
1,0.3,58,0.4257138587005532,1,1,0,2024-04-02,167.3172607421875
1,0.3,59,0.48672777820537516,0,1,0,2024-04-03,168.1199493408203
1,0.3,60,0.4925214938604812,1,1,0,2024-04-04,167.2974395751953
1,0.3,61,0.5466307174060033,1,1,0,2024-04-05,168.05059814453125
1,0.3,62,0.5857205735172849,1,1,0,2024-04-08,166.9307861328125
1,0.3,63,0.5873780788766209,0,1,0,2024-04-09,168.1397705078125
1,0.3,64,0.6139475238024872,0,1,0,2024-04-10,166.26683044433594
1,0.3,65,0.4959308658817333,0,1,0,2024-04-11,173.4613494873047
1,0.3,66,0.47591828574350853,0,1,0,2024-04-12,174.95774841308594
1,0.3,67,0.44911800237010446,0,1,0,2024-04-15,171.13255310058594
1,0.3,68,0.36886494474821535,0,1,0,2024-04-16,167.85240173339844
1,0.3,69,0.3768314110705558,1,1,0,2024-04-17,166.48484802246094
1,0.3,70,0.42665431037392615,1,1,0,2024-04-18,165.5334930419922
1,0.3,71,0.5492856559665514,1,1,0,2024-04-19,163.51190185546875
1,0.3,72,0.49332380710196977,1,1,0,2024-04-22,164.3443145751953
1,0.3,73,0.4996626469395365,1,1,0,2024-04-23,165.39476013183594
1,0.3,74,0.5127684192496086,0,1,0,2024-04-24,167.4956512451172
1,0.3,75,0.5944780526971897,1,1,0,2024-04-25,168.35780334472656
1,0.3,76,0.5724322457293151,1,1,0,2024-04-26,167.7731170654297
1,0.3,77,0.5522548922035057,1,1,0,2024-04-29,171.9352264404297
1,0.3,78,0.4956133275422697,1,1,0,2024-04-30,168.7938232421875
1,0.3,79,0.5105165705375708,1,1,0,2024-05-01,167.7731170654297
1,0.3,80,0.4313202156740685,1,1,0,2024-05-02,171.46949768066406
1,0.3,81,0.4191033687818804,0,1,0,2024-05-03,181.72613525390625
1,0.3,82,0.4044932822050912,1,1,0,2024-05-06,180.07119750976562
1,0.3,83,0.43224453229775944,1,1,0,2024-05-07,180.7549591064453
1,0.3,84,0.38842314492940966,1,1,0,2024-05-08,181.09190368652344
1,0.3,85,0.3930006943771627,1,1,0,2024-05-09,182.9053955078125
1,0.3,86,0.41467227062737233,1,1,0,2024-05-10,181.64517211914065
1,0.3,87,0.4227946522881148,1,1,0,2024-05-13,184.85037231445312
1,0.3,88,0.4243029458167522,1,1,0,2024-05-14,185.99151611328125
1,0.3,89,0.39958610541409756,1,1,0,2024-05-15,188.2639617919922
1,0.3,90,0.39360982303905295,0,1,0,2024-05-16,188.38304138183597
1,0.3,91,0.39737154445378453,0,1,0,2024-05-17,188.4127960205078
1,0.3,92,0.3774386032823959,0,1,0,2024-05-20,189.57383728027344
1,0.3,93,0.3472744727213602,0,1,0,2024-05-21,190.873779296875
1,0.3,94,0.4116873659834584,0,1,0,2024-05-22,189.4348907470703
1,0.3,95,0.5166788300627748,1,1,0,2024-05-23,185.44577026367188
1,0.3,96,0.4972524923252869,1,1,0,2024-05-24,188.5219573974609
1,0.3,97,0.4897416121287956,1,1,0,2024-05-28,188.5319061279297
1,0.3,98,0.49923133923232543,1,1,0,2024-05-29,188.82958984375
1,0.3,99,0.49283945125287637,1,1,0,2024-05-30,189.8219146728516
1,0.3,100,0.43007547978683536,1,1,0,2024-05-31,190.77456665039065
1,0.3,101,0.5053984647126222,0,1,0,2024-06-03,192.54086303710935
1,0.3,102,0.4888589045918942,1,1,0,2024-06-04,192.85842895507807
1,0.3,103,0.41553059394280695,1,1,0,2024-06-05,194.36676025390625
1,0.3,104,0.4025199844805998,1,1,0,2024-06-06,192.9874267578125
1,0.3,105,0.2678459126929776,1,0,0,2024-06-07,195.37892150878903
1,0.3,106,0.28237521601723115,1,0,0,2024-06-10,191.6378631591797
1,0.3,107,0.28841192938335075,1,0,0,2024-06-11,205.5601806640625
1,0.3,108,0.28045829348221135,0,0,0,2024-06-12,211.4347686767578
1,0.3,109,0.2918655711681547,0,0,0,2024-06-13,212.5957946777344
1,0.3,110,0.2736900761202267,0,0,0,2024-06-14,210.85922241210935
1,0.3,111,0.2761450142162049,0,0,0,2024-06-17,215.00711059570312
1,0.3,112,0.2604763167693467,0,0,0,2024-06-18,212.6453857421875
1,0.3,113,0.2125157323341997,1,0,0,2024-06-20,208.07077026367188
1,0.3,114,0.22848819465789702,1,0,0,2024-06-21,205.8975830078125
1,0.3,115,0.17504526144163807,1,0,0,2024-06-24,206.5426177978516
1,0.3,116,0.1845067204817725,1,0,0,2024-06-25,207.4654693603516
1,0.3,117,0.20367233717113115,1,0,0,2024-06-26,211.61338806152344
1,0.3,118,0.1984335244370417,1,0,0,2024-06-27,212.4568634033203
1,0.3,119,0.17093768985545446,1,0,0,2024-06-28,209.00357055664065
1,0.35,0,0.3615879546977231,0,1,0,2024-01-08,183.65213012695312
1,0.35,1,0.4233031416231153,0,1,0,2024-01-09,183.2364654541016
1,0.35,2,0.40378960364283234,1,1,0,2024-01-10,184.2756805419922
1,0.35,3,0.44218344100233525,1,1,0,2024-01-11,183.68182373046875
1,0.35,4,0.44260912013406845,1,1,0,2024-01-12,184.0084381103516
1,0.35,5,0.44146046584215204,1,1,0,2024-01-16,181.74197387695312
1,0.35,6,0.5113455469084973,1,1,0,2024-01-17,180.8017120361328
1,0.35,7,0.4444201698092089,1,1,0,2024-01-18,186.69058227539065
1,0.35,8,0.4235980076165739,1,1,1,2024-01-19,189.59043884277344
1,0.35,9,0.4051184967690355,0,1,1,2024-01-22,191.8964691162109
1,0.35,10,0.41498468606613936,0,1,0,2024-01-23,193.1732177734375
1,0.35,11,0.40714336729201134,0,1,0,2024-01-24,192.500244140625
1,0.35,12,0.38013104547617826,0,1,0,2024-01-25,192.173583984375
1,0.35,13,0.3574308451411647,0,1,0,2024-01-26,190.44158935546875
1,0.35,14,0.35998718449480044,0,1,0,2024-01-29,189.75868225097656
1,0.35,15,0.3474294356523116,1,0,0,2024-01-30,186.10662841796875
1,0.35,16,0.42326710974557846,1,1,0,2024-01-31,182.50405883789065
1,0.35,17,0.4289093125089451,1,1,0,2024-02-01,184.9387359619141
1,0.35,18,0.38823482320981545,1,1,0,2024-02-02,183.9391632080078
1,0.35,19,0.38088988766877485,0,1,0,2024-02-05,185.75030517578125
1,0.35,20,0.41972491984668564,0,1,0,2024-02-06,187.35366821289065
1,0.35,21,0.4229913826617614,0,1,0,2024-02-07,187.46255493164065
1,0.35,22,0.42920738915487117,0,1,0,2024-02-08,186.38375854492188
1,0.35,23,0.44082689698426303,0,1,0,2024-02-09,187.14682006835935
1,0.35,24,0.4247307793954704,0,1,0,2024-02-12,185.46212768554688
1,0.35,25,0.4538632778183254,0,1,0,2024-02-13,183.3711395263672
1,0.35,26,0.4354997637749969,0,1,0,2024-02-14,182.48919677734372
1,0.35,27,0.4438847700092856,0,1,0,2024-02-15,182.2017822265625
1,0.35,28,0.4900547391345818,0,1,0,2024-02-16,180.6657867431641
1,0.35,29,0.5071221330151651,1,1,0,2024-02-20,179.9225311279297
1,0.35,30,0.501601743944652,0,1,0,2024-02-21,180.6757049560547
1,0.35,31,0.4988593893796288,0,1,0,2024-02-22,182.7072296142578
1,0.35,32,0.5306258974563179,0,1,0,2024-02-23,180.87388610839844
1,0.35,33,0.5513159362796302,0,1,0,2024-02-26,179.52615356445312
1,0.35,34,0.5069473832470255,0,1,0,2024-02-27,180.98291015625
1,0.35,35,0.5225117861700649,0,1,0,2024-02-28,179.7838134765625
1,0.35,36,0.4585810397913707,0,1,0,2024-02-29,179.11985778808594
1,0.35,37,0.46342791696134933,0,1,0,2024-03-01,178.03968811035156
1,0.35,38,0.5670476088362404,0,1,0,2024-03-04,173.5208282470703
1,0.35,39,0.6831673152008082,1,1,0,2024-03-05,168.58570861816406
1,0.35,40,0.6485407611720279,1,1,0,2024-03-06,167.59474182128906
1,0.35,41,0.6743829646275646,1,1,0,2024-03-07,167.47584533691406
1,0.35,42,0.6222624321751713,1,1,0,2024-03-08,169.19021606445312
1,0.35,43,0.5648823686786137,1,1,0,2024-03-11,171.1920166015625
1,0.35,44,0.591378804485934,1,1,0,2024-03-12,171.6676788330078
1,0.35,45,0.5943761538449536,1,1,0,2024-03-13,169.58665466308594
1,0.35,46,0.5657968787795775,0,1,0,2024-03-14,171.43975830078125
1,0.35,47,0.49922561908911367,0,1,0,2024-03-15,171.06317138671875
1,0.35,48,0.5122160897634477,0,1,0,2024-03-18,172.15325927734375
1,0.35,49,0.4952348805679584,0,1,0,2024-03-19,174.49197387695312
1,0.35,50,0.44193196880049757,0,1,0,2024-03-20,177.05860900878906
1,0.35,51,0.3500969557531697,0,1,0,2024-03-21,169.82444763183594
1,0.35,52,0.3225577194437604,0,0,0,2024-03-22,170.7262420654297
1,0.35,53,0.31596670558867074,0,0,0,2024-03-25,169.3091583251953
1,0.35,54,0.3304831225535185,0,0,0,2024-03-26,168.179443359375
1,0.35,55,0.25260416468555963,0,0,0,2024-03-27,171.74696350097656
1,0.35,56,0.32763517521380164,0,0,0,2024-03-28,169.93345642089844
1,0.35,57,0.34202095718771863,0,0,0,2024-04-01,168.49655151367188
1,0.35,58,0.4257138587005532,1,1,0,2024-04-02,167.3172607421875
1,0.35,59,0.48672777820537516,0,1,0,2024-04-03,168.1199493408203
1,0.35,60,0.4925214938604812,1,1,0,2024-04-04,167.2974395751953
1,0.35,61,0.5466307174060033,1,1,0,2024-04-05,168.05059814453125
1,0.35,62,0.5857205735172849,1,1,0,2024-04-08,166.9307861328125
1,0.35,63,0.5873780788766209,0,1,0,2024-04-09,168.1397705078125
1,0.35,64,0.6139475238024872,0,1,0,2024-04-10,166.26683044433594
1,0.35,65,0.4959308658817333,0,1,0,2024-04-11,173.4613494873047
1,0.35,66,0.47591828574350853,0,1,0,2024-04-12,174.95774841308594
1,0.35,67,0.44911800237010446,0,1,0,2024-04-15,171.13255310058594
1,0.35,68,0.36886494474821535,0,1,0,2024-04-16,167.85240173339844
1,0.35,69,0.3768314110705558,1,1,0,2024-04-17,166.48484802246094
1,0.35,70,0.42665431037392615,1,1,0,2024-04-18,165.5334930419922
1,0.35,71,0.5492856559665514,1,1,0,2024-04-19,163.51190185546875
1,0.35,72,0.49332380710196977,1,1,0,2024-04-22,164.3443145751953
1,0.35,73,0.4996626469395365,1,1,0,2024-04-23,165.39476013183594
1,0.35,74,0.5127684192496086,0,1,0,2024-04-24,167.4956512451172
1,0.35,75,0.5944780526971897,1,1,0,2024-04-25,168.35780334472656
1,0.35,76,0.5724322457293151,1,1,0,2024-04-26,167.7731170654297
1,0.35,77,0.5522548922035057,1,1,0,2024-04-29,171.9352264404297
1,0.35,78,0.4956133275422697,1,1,0,2024-04-30,168.7938232421875
1,0.35,79,0.5105165705375708,1,1,0,2024-05-01,167.7731170654297
1,0.35,80,0.4313202156740685,1,1,0,2024-05-02,171.46949768066406
1,0.35,81,0.4191033687818804,0,1,0,2024-05-03,181.72613525390625
1,0.35,82,0.4044932822050912,1,1,0,2024-05-06,180.07119750976562
1,0.35,83,0.43224453229775944,1,1,0,2024-05-07,180.7549591064453
1,0.35,84,0.38842314492940966,1,1,0,2024-05-08,181.09190368652344
1,0.35,85,0.3930006943771627,1,1,0,2024-05-09,182.9053955078125
1,0.35,86,0.41467227062737233,1,1,0,2024-05-10,181.64517211914065
1,0.35,87,0.4227946522881148,1,1,0,2024-05-13,184.85037231445312
1,0.35,88,0.4243029458167522,1,1,0,2024-05-14,185.99151611328125
1,0.35,89,0.39958610541409756,1,1,0,2024-05-15,188.2639617919922
1,0.35,90,0.39360982303905295,0,1,0,2024-05-16,188.38304138183597
1,0.35,91,0.39737154445378453,0,1,0,2024-05-17,188.4127960205078
1,0.35,92,0.3774386032823959,0,1,0,2024-05-20,189.57383728027344
1,0.35,93,0.3472744727213602,0,0,0,2024-05-21,190.873779296875
1,0.35,94,0.4116873659834584,0,1,0,2024-05-22,189.4348907470703
1,0.35,95,0.5166788300627748,1,1,0,2024-05-23,185.44577026367188
1,0.35,96,0.4972524923252869,1,1,0,2024-05-24,188.5219573974609
1,0.35,97,0.4897416121287956,1,1,0,2024-05-28,188.5319061279297
1,0.35,98,0.49923133923232543,1,1,0,2024-05-29,188.82958984375
1,0.35,99,0.49283945125287637,1,1,0,2024-05-30,189.8219146728516
1,0.35,100,0.43007547978683536,1,1,0,2024-05-31,190.77456665039065
1,0.35,101,0.5053984647126222,0,1,0,2024-06-03,192.54086303710935
1,0.35,102,0.4888589045918942,1,1,0,2024-06-04,192.85842895507807
1,0.35,103,0.41553059394280695,1,1,0,2024-06-05,194.36676025390625
1,0.35,104,0.4025199844805998,1,1,0,2024-06-06,192.9874267578125
1,0.35,105,0.2678459126929776,1,0,0,2024-06-07,195.37892150878903
1,0.35,106,0.28237521601723115,1,0,0,2024-06-10,191.6378631591797
1,0.35,107,0.28841192938335075,1,0,0,2024-06-11,205.5601806640625
1,0.35,108,0.28045829348221135,0,0,0,2024-06-12,211.4347686767578
1,0.35,109,0.2918655711681547,0,0,0,2024-06-13,212.5957946777344
1,0.35,110,0.2736900761202267,0,0,0,2024-06-14,210.85922241210935
1,0.35,111,0.2761450142162049,0,0,0,2024-06-17,215.00711059570312
1,0.35,112,0.2604763167693467,0,0,0,2024-06-18,212.6453857421875
1,0.35,113,0.2125157323341997,1,0,0,2024-06-20,208.07077026367188
1,0.35,114,0.22848819465789702,1,0,0,2024-06-21,205.8975830078125
1,0.35,115,0.17504526144163807,1,0,0,2024-06-24,206.5426177978516
1,0.35,116,0.1845067204817725,1,0,0,2024-06-25,207.4654693603516
1,0.35,117,0.20367233717113115,1,0,0,2024-06-26,211.61338806152344
1,0.35,118,0.1984335244370417,1,0,0,2024-06-27,212.4568634033203
1,0.35,119,0.17093768985545446,1,0,0,2024-06-28,209.00357055664065
1,0.4,0,0.3615879546977231,0,0,0,2024-01-08,183.65213012695312
1,0.4,1,0.4233031416231153,0,1,0,2024-01-09,183.2364654541016
1,0.4,2,0.40378960364283234,1,1,0,2024-01-10,184.2756805419922
1,0.4,3,0.44218344100233525,1,1,0,2024-01-11,183.68182373046875
1,0.4,4,0.44260912013406845,1,1,0,2024-01-12,184.0084381103516
1,0.4,5,0.44146046584215204,1,1,0,2024-01-16,181.74197387695312
1,0.4,6,0.5113455469084973,1,1,0,2024-01-17,180.8017120361328
1,0.4,7,0.4444201698092089,1,1,0,2024-01-18,186.69058227539065
1,0.4,8,0.4235980076165739,1,1,1,2024-01-19,189.59043884277344
1,0.4,9,0.4051184967690355,0,1,1,2024-01-22,191.8964691162109
1,0.4,10,0.41498468606613936,0,1,0,2024-01-23,193.1732177734375
1,0.4,11,0.40714336729201134,0,1,0,2024-01-24,192.500244140625
1,0.4,12,0.38013104547617826,0,0,0,2024-01-25,192.173583984375
1,0.4,13,0.3574308451411647,0,0,0,2024-01-26,190.44158935546875
1,0.4,14,0.35998718449480044,0,0,0,2024-01-29,189.75868225097656
1,0.4,15,0.3474294356523116,1,0,0,2024-01-30,186.10662841796875
1,0.4,16,0.42326710974557846,1,1,0,2024-01-31,182.50405883789065
1,0.4,17,0.4289093125089451,1,1,0,2024-02-01,184.9387359619141
1,0.4,18,0.38823482320981545,1,0,0,2024-02-02,183.9391632080078
1,0.4,19,0.38088988766877485,0,0,0,2024-02-05,185.75030517578125
1,0.4,20,0.41972491984668564,0,1,0,2024-02-06,187.35366821289065
1,0.4,21,0.4229913826617614,0,1,0,2024-02-07,187.46255493164065
1,0.4,22,0.42920738915487117,0,1,0,2024-02-08,186.38375854492188
1,0.4,23,0.44082689698426303,0,1,0,2024-02-09,187.14682006835935
1,0.4,24,0.4247307793954704,0,1,0,2024-02-12,185.46212768554688
1,0.4,25,0.4538632778183254,0,1,0,2024-02-13,183.3711395263672
1,0.4,26,0.4354997637749969,0,1,0,2024-02-14,182.48919677734372
1,0.4,27,0.4438847700092856,0,1,0,2024-02-15,182.2017822265625
1,0.4,28,0.4900547391345818,0,1,0,2024-02-16,180.6657867431641
1,0.4,29,0.5071221330151651,1,1,0,2024-02-20,179.9225311279297
1,0.4,30,0.501601743944652,0,1,0,2024-02-21,180.6757049560547
1,0.4,31,0.4988593893796288,0,1,0,2024-02-22,182.7072296142578
1,0.4,32,0.5306258974563179,0,1,0,2024-02-23,180.87388610839844
1,0.4,33,0.5513159362796302,0,1,0,2024-02-26,179.52615356445312
1,0.4,34,0.5069473832470255,0,1,0,2024-02-27,180.98291015625
1,0.4,35,0.5225117861700649,0,1,0,2024-02-28,179.7838134765625
1,0.4,36,0.4585810397913707,0,1,0,2024-02-29,179.11985778808594
1,0.4,37,0.46342791696134933,0,1,0,2024-03-01,178.03968811035156
1,0.4,38,0.5670476088362404,0,1,0,2024-03-04,173.5208282470703
1,0.4,39,0.6831673152008082,1,1,0,2024-03-05,168.58570861816406
1,0.4,40,0.6485407611720279,1,1,0,2024-03-06,167.59474182128906
1,0.4,41,0.6743829646275646,1,1,0,2024-03-07,167.47584533691406
1,0.4,42,0.6222624321751713,1,1,0,2024-03-08,169.19021606445312
1,0.4,43,0.5648823686786137,1,1,0,2024-03-11,171.1920166015625
1,0.4,44,0.591378804485934,1,1,0,2024-03-12,171.6676788330078
1,0.4,45,0.5943761538449536,1,1,0,2024-03-13,169.58665466308594
1,0.4,46,0.5657968787795775,0,1,0,2024-03-14,171.43975830078125
1,0.4,47,0.49922561908911367,0,1,0,2024-03-15,171.06317138671875
1,0.4,48,0.5122160897634477,0,1,0,2024-03-18,172.15325927734375
1,0.4,49,0.4952348805679584,0,1,0,2024-03-19,174.49197387695312
1,0.4,50,0.44193196880049757,0,1,0,2024-03-20,177.05860900878906
1,0.4,51,0.3500969557531697,0,0,0,2024-03-21,169.82444763183594
1,0.4,52,0.3225577194437604,0,0,0,2024-03-22,170.7262420654297
1,0.4,53,0.31596670558867074,0,0,0,2024-03-25,169.3091583251953
1,0.4,54,0.3304831225535185,0,0,0,2024-03-26,168.179443359375
1,0.4,55,0.25260416468555963,0,0,0,2024-03-27,171.74696350097656
1,0.4,56,0.32763517521380164,0,0,0,2024-03-28,169.93345642089844
1,0.4,57,0.34202095718771863,0,0,0,2024-04-01,168.49655151367188
1,0.4,58,0.4257138587005532,1,1,0,2024-04-02,167.3172607421875
1,0.4,59,0.48672777820537516,0,1,0,2024-04-03,168.1199493408203
1,0.4,60,0.4925214938604812,1,1,0,2024-04-04,167.2974395751953
1,0.4,61,0.5466307174060033,1,1,0,2024-04-05,168.05059814453125
1,0.4,62,0.5857205735172849,1,1,0,2024-04-08,166.9307861328125
1,0.4,63,0.5873780788766209,0,1,0,2024-04-09,168.1397705078125
1,0.4,64,0.6139475238024872,0,1,0,2024-04-10,166.26683044433594
1,0.4,65,0.4959308658817333,0,1,0,2024-04-11,173.4613494873047
1,0.4,66,0.47591828574350853,0,1,0,2024-04-12,174.95774841308594
1,0.4,67,0.44911800237010446,0,1,0,2024-04-15,171.13255310058594
1,0.4,68,0.36886494474821535,0,0,0,2024-04-16,167.85240173339844
1,0.4,69,0.3768314110705558,1,0,0,2024-04-17,166.48484802246094
1,0.4,70,0.42665431037392615,1,1,0,2024-04-18,165.5334930419922
1,0.4,71,0.5492856559665514,1,1,0,2024-04-19,163.51190185546875
1,0.4,72,0.49332380710196977,1,1,0,2024-04-22,164.3443145751953
1,0.4,73,0.4996626469395365,1,1,0,2024-04-23,165.39476013183594
1,0.4,74,0.5127684192496086,0,1,0,2024-04-24,167.4956512451172
1,0.4,75,0.5944780526971897,1,1,0,2024-04-25,168.35780334472656
1,0.4,76,0.5724322457293151,1,1,0,2024-04-26,167.7731170654297
1,0.4,77,0.5522548922035057,1,1,0,2024-04-29,171.9352264404297
1,0.4,78,0.4956133275422697,1,1,0,2024-04-30,168.7938232421875
1,0.4,79,0.5105165705375708,1,1,0,2024-05-01,167.7731170654297
1,0.4,80,0.4313202156740685,1,1,0,2024-05-02,171.46949768066406
1,0.4,81,0.4191033687818804,0,1,0,2024-05-03,181.72613525390625
1,0.4,82,0.4044932822050912,1,1,0,2024-05-06,180.07119750976562
1,0.4,83,0.43224453229775944,1,1,0,2024-05-07,180.7549591064453
1,0.4,84,0.38842314492940966,1,0,0,2024-05-08,181.09190368652344
1,0.4,85,0.3930006943771627,1,0,0,2024-05-09,182.9053955078125
1,0.4,86,0.41467227062737233,1,1,0,2024-05-10,181.64517211914065
1,0.4,87,0.4227946522881148,1,1,0,2024-05-13,184.85037231445312
1,0.4,88,0.4243029458167522,1,1,0,2024-05-14,185.99151611328125
1,0.4,89,0.39958610541409756,1,0,0,2024-05-15,188.2639617919922
1,0.4,90,0.39360982303905295,0,0,0,2024-05-16,188.38304138183597
1,0.4,91,0.39737154445378453,0,0,0,2024-05-17,188.4127960205078
1,0.4,92,0.3774386032823959,0,0,0,2024-05-20,189.57383728027344
1,0.4,93,0.3472744727213602,0,0,0,2024-05-21,190.873779296875
1,0.4,94,0.4116873659834584,0,1,0,2024-05-22,189.4348907470703
1,0.4,95,0.5166788300627748,1,1,0,2024-05-23,185.44577026367188
1,0.4,96,0.4972524923252869,1,1,0,2024-05-24,188.5219573974609
1,0.4,97,0.4897416121287956,1,1,0,2024-05-28,188.5319061279297
1,0.4,98,0.49923133923232543,1,1,0,2024-05-29,188.82958984375
1,0.4,99,0.49283945125287637,1,1,0,2024-05-30,189.8219146728516
1,0.4,100,0.43007547978683536,1,1,0,2024-05-31,190.77456665039065
1,0.4,101,0.5053984647126222,0,1,0,2024-06-03,192.54086303710935
1,0.4,102,0.4888589045918942,1,1,0,2024-06-04,192.85842895507807
1,0.4,103,0.41553059394280695,1,1,0,2024-06-05,194.36676025390625
1,0.4,104,0.4025199844805998,1,1,0,2024-06-06,192.9874267578125
1,0.4,105,0.2678459126929776,1,0,0,2024-06-07,195.37892150878903
1,0.4,106,0.28237521601723115,1,0,0,2024-06-10,191.6378631591797
1,0.4,107,0.28841192938335075,1,0,0,2024-06-11,205.5601806640625
1,0.4,108,0.28045829348221135,0,0,0,2024-06-12,211.4347686767578
1,0.4,109,0.2918655711681547,0,0,0,2024-06-13,212.5957946777344
1,0.4,110,0.2736900761202267,0,0,0,2024-06-14,210.85922241210935
1,0.4,111,0.2761450142162049,0,0,0,2024-06-17,215.00711059570312
1,0.4,112,0.2604763167693467,0,0,0,2024-06-18,212.6453857421875
1,0.4,113,0.2125157323341997,1,0,0,2024-06-20,208.07077026367188
1,0.4,114,0.22848819465789702,1,0,0,2024-06-21,205.8975830078125
1,0.4,115,0.17504526144163807,1,0,0,2024-06-24,206.5426177978516
1,0.4,116,0.1845067204817725,1,0,0,2024-06-25,207.4654693603516
1,0.4,117,0.20367233717113115,1,0,0,2024-06-26,211.61338806152344
1,0.4,118,0.1984335244370417,1,0,0,2024-06-27,212.4568634033203
1,0.4,119,0.17093768985545446,1,0,0,2024-06-28,209.00357055664065
1,0.45,0,0.3615879546977231,0,0,0,2024-01-08,183.65213012695312
1,0.45,1,0.4233031416231153,0,0,0,2024-01-09,183.2364654541016
1,0.45,2,0.40378960364283234,1,0,0,2024-01-10,184.2756805419922
1,0.45,3,0.44218344100233525,1,0,0,2024-01-11,183.68182373046875
1,0.45,4,0.44260912013406845,1,0,0,2024-01-12,184.0084381103516
1,0.45,5,0.44146046584215204,1,0,0,2024-01-16,181.74197387695312
1,0.45,6,0.5113455469084973,1,1,0,2024-01-17,180.8017120361328
1,0.45,7,0.4444201698092089,1,0,0,2024-01-18,186.69058227539065
1,0.45,8,0.4235980076165739,1,0,1,2024-01-19,189.59043884277344
1,0.45,9,0.4051184967690355,0,0,1,2024-01-22,191.8964691162109
1,0.45,10,0.41498468606613936,0,0,0,2024-01-23,193.1732177734375
1,0.45,11,0.40714336729201134,0,0,0,2024-01-24,192.500244140625
1,0.45,12,0.38013104547617826,0,0,0,2024-01-25,192.173583984375
1,0.45,13,0.3574308451411647,0,0,0,2024-01-26,190.44158935546875
1,0.45,14,0.35998718449480044,0,0,0,2024-01-29,189.75868225097656
1,0.45,15,0.3474294356523116,1,0,0,2024-01-30,186.10662841796875
1,0.45,16,0.42326710974557846,1,0,0,2024-01-31,182.50405883789065
1,0.45,17,0.4289093125089451,1,0,0,2024-02-01,184.9387359619141
1,0.45,18,0.38823482320981545,1,0,0,2024-02-02,183.9391632080078
1,0.45,19,0.38088988766877485,0,0,0,2024-02-05,185.75030517578125
1,0.45,20,0.41972491984668564,0,0,0,2024-02-06,187.35366821289065
1,0.45,21,0.4229913826617614,0,0,0,2024-02-07,187.46255493164065
1,0.45,22,0.42920738915487117,0,0,0,2024-02-08,186.38375854492188
1,0.45,23,0.44082689698426303,0,0,0,2024-02-09,187.14682006835935
1,0.45,24,0.4247307793954704,0,0,0,2024-02-12,185.46212768554688
1,0.45,25,0.4538632778183254,0,1,0,2024-02-13,183.3711395263672
1,0.45,26,0.4354997637749969,0,0,0,2024-02-14,182.48919677734372
1,0.45,27,0.4438847700092856,0,0,0,2024-02-15,182.2017822265625
1,0.45,28,0.4900547391345818,0,1,0,2024-02-16,180.6657867431641
1,0.45,29,0.5071221330151651,1,1,0,2024-02-20,179.9225311279297
1,0.45,30,0.501601743944652,0,1,0,2024-02-21,180.6757049560547
1,0.45,31,0.4988593893796288,0,1,0,2024-02-22,182.7072296142578
1,0.45,32,0.5306258974563179,0,1,0,2024-02-23,180.87388610839844
1,0.45,33,0.5513159362796302,0,1,0,2024-02-26,179.52615356445312
1,0.45,34,0.5069473832470255,0,1,0,2024-02-27,180.98291015625
1,0.45,35,0.5225117861700649,0,1,0,2024-02-28,179.7838134765625
1,0.45,36,0.4585810397913707,0,1,0,2024-02-29,179.11985778808594
1,0.45,37,0.46342791696134933,0,1,0,2024-03-01,178.03968811035156
1,0.45,38,0.5670476088362404,0,1,0,2024-03-04,173.5208282470703
1,0.45,39,0.6831673152008082,1,1,0,2024-03-05,168.58570861816406
1,0.45,40,0.6485407611720279,1,1,0,2024-03-06,167.59474182128906
1,0.45,41,0.6743829646275646,1,1,0,2024-03-07,167.47584533691406
1,0.45,42,0.6222624321751713,1,1,0,2024-03-08,169.19021606445312
1,0.45,43,0.5648823686786137,1,1,0,2024-03-11,171.1920166015625
1,0.45,44,0.591378804485934,1,1,0,2024-03-12,171.6676788330078
1,0.45,45,0.5943761538449536,1,1,0,2024-03-13,169.58665466308594
1,0.45,46,0.5657968787795775,0,1,0,2024-03-14,171.43975830078125
1,0.45,47,0.49922561908911367,0,1,0,2024-03-15,171.06317138671875
1,0.45,48,0.5122160897634477,0,1,0,2024-03-18,172.15325927734375
1,0.45,49,0.4952348805679584,0,1,0,2024-03-19,174.49197387695312
1,0.45,50,0.44193196880049757,0,0,0,2024-03-20,177.05860900878906
1,0.45,51,0.3500969557531697,0,0,0,2024-03-21,169.82444763183594
1,0.45,52,0.3225577194437604,0,0,0,2024-03-22,170.7262420654297
1,0.45,53,0.31596670558867074,0,0,0,2024-03-25,169.3091583251953
1,0.45,54,0.3304831225535185,0,0,0,2024-03-26,168.179443359375
1,0.45,55,0.25260416468555963,0,0,0,2024-03-27,171.74696350097656
1,0.45,56,0.32763517521380164,0,0,0,2024-03-28,169.93345642089844
1,0.45,57,0.34202095718771863,0,0,0,2024-04-01,168.49655151367188
1,0.45,58,0.4257138587005532,1,0,0,2024-04-02,167.3172607421875
1,0.45,59,0.48672777820537516,0,1,0,2024-04-03,168.1199493408203
1,0.45,60,0.4925214938604812,1,1,0,2024-04-04,167.2974395751953
1,0.45,61,0.5466307174060033,1,1,0,2024-04-05,168.05059814453125
1,0.45,62,0.5857205735172849,1,1,0,2024-04-08,166.9307861328125
1,0.45,63,0.5873780788766209,0,1,0,2024-04-09,168.1397705078125
1,0.45,64,0.6139475238024872,0,1,0,2024-04-10,166.26683044433594
1,0.45,65,0.4959308658817333,0,1,0,2024-04-11,173.4613494873047
1,0.45,66,0.47591828574350853,0,1,0,2024-04-12,174.95774841308594
1,0.45,67,0.44911800237010446,0,0,0,2024-04-15,171.13255310058594
1,0.45,68,0.36886494474821535,0,0,0,2024-04-16,167.85240173339844
1,0.45,69,0.3768314110705558,1,0,0,2024-04-17,166.48484802246094
1,0.45,70,0.42665431037392615,1,0,0,2024-04-18,165.5334930419922
1,0.45,71,0.5492856559665514,1,1,0,2024-04-19,163.51190185546875
1,0.45,72,0.49332380710196977,1,1,0,2024-04-22,164.3443145751953
1,0.45,73,0.4996626469395365,1,1,0,2024-04-23,165.39476013183594
1,0.45,74,0.5127684192496086,0,1,0,2024-04-24,167.4956512451172
1,0.45,75,0.5944780526971897,1,1,0,2024-04-25,168.35780334472656
1,0.45,76,0.5724322457293151,1,1,0,2024-04-26,167.7731170654297
1,0.45,77,0.5522548922035057,1,1,0,2024-04-29,171.9352264404297
1,0.45,78,0.4956133275422697,1,1,0,2024-04-30,168.7938232421875
1,0.45,79,0.5105165705375708,1,1,0,2024-05-01,167.7731170654297
1,0.45,80,0.4313202156740685,1,0,0,2024-05-02,171.46949768066406
1,0.45,81,0.4191033687818804,0,0,0,2024-05-03,181.72613525390625
1,0.45,82,0.4044932822050912,1,0,0,2024-05-06,180.07119750976562
1,0.45,83,0.43224453229775944,1,0,0,2024-05-07,180.7549591064453
1,0.45,84,0.38842314492940966,1,0,0,2024-05-08,181.09190368652344
1,0.45,85,0.3930006943771627,1,0,0,2024-05-09,182.9053955078125
1,0.45,86,0.41467227062737233,1,0,0,2024-05-10,181.64517211914065
1,0.45,87,0.4227946522881148,1,0,0,2024-05-13,184.85037231445312
1,0.45,88,0.4243029458167522,1,0,0,2024-05-14,185.99151611328125
1,0.45,89,0.39958610541409756,1,0,0,2024-05-15,188.2639617919922
1,0.45,90,0.39360982303905295,0,0,0,2024-05-16,188.38304138183597
1,0.45,91,0.39737154445378453,0,0,0,2024-05-17,188.4127960205078
1,0.45,92,0.3774386032823959,0,0,0,2024-05-20,189.57383728027344
1,0.45,93,0.3472744727213602,0,0,0,2024-05-21,190.873779296875
1,0.45,94,0.4116873659834584,0,0,0,2024-05-22,189.4348907470703
1,0.45,95,0.5166788300627748,1,1,0,2024-05-23,185.44577026367188
1,0.45,96,0.4972524923252869,1,1,0,2024-05-24,188.5219573974609
1,0.45,97,0.4897416121287956,1,1,0,2024-05-28,188.5319061279297
1,0.45,98,0.49923133923232543,1,1,0,2024-05-29,188.82958984375
1,0.45,99,0.49283945125287637,1,1,0,2024-05-30,189.8219146728516
1,0.45,100,0.43007547978683536,1,0,0,2024-05-31,190.77456665039065
1,0.45,101,0.5053984647126222,0,1,0,2024-06-03,192.54086303710935
1,0.45,102,0.4888589045918942,1,1,0,2024-06-04,192.85842895507807
1,0.45,103,0.41553059394280695,1,0,0,2024-06-05,194.36676025390625
1,0.45,104,0.4025199844805998,1,0,0,2024-06-06,192.9874267578125
1,0.45,105,0.2678459126929776,1,0,0,2024-06-07,195.37892150878903
1,0.45,106,0.28237521601723115,1,0,0,2024-06-10,191.6378631591797
1,0.45,107,0.28841192938335075,1,0,0,2024-06-11,205.5601806640625
1,0.45,108,0.28045829348221135,0,0,0,2024-06-12,211.4347686767578
1,0.45,109,0.2918655711681547,0,0,0,2024-06-13,212.5957946777344
1,0.45,110,0.2736900761202267,0,0,0,2024-06-14,210.85922241210935
1,0.45,111,0.2761450142162049,0,0,0,2024-06-17,215.00711059570312
1,0.45,112,0.2604763167693467,0,0,0,2024-06-18,212.6453857421875
1,0.45,113,0.2125157323341997,1,0,0,2024-06-20,208.07077026367188
1,0.45,114,0.22848819465789702,1,0,0,2024-06-21,205.8975830078125
1,0.45,115,0.17504526144163807,1,0,0,2024-06-24,206.5426177978516
1,0.45,116,0.1845067204817725,1,0,0,2024-06-25,207.4654693603516
1,0.45,117,0.20367233717113115,1,0,0,2024-06-26,211.61338806152344
1,0.45,118,0.1984335244370417,1,0,0,2024-06-27,212.4568634033203
1,0.45,119,0.17093768985545446,1,0,0,2024-06-28,209.00357055664065
1,0.5,0,0.3615879546977231,0,0,0,2024-01-08,183.65213012695312
1,0.5,1,0.4233031416231153,0,0,0,2024-01-09,183.2364654541016
1,0.5,2,0.40378960364283234,1,0,0,2024-01-10,184.2756805419922
1,0.5,3,0.44218344100233525,1,0,0,2024-01-11,183.68182373046875
1,0.5,4,0.44260912013406845,1,0,0,2024-01-12,184.0084381103516
1,0.5,5,0.44146046584215204,1,0,0,2024-01-16,181.74197387695312
1,0.5,6,0.5113455469084973,1,1,0,2024-01-17,180.8017120361328
1,0.5,7,0.4444201698092089,1,0,0,2024-01-18,186.69058227539065
1,0.5,8,0.4235980076165739,1,0,1,2024-01-19,189.59043884277344
1,0.5,9,0.4051184967690355,0,0,1,2024-01-22,191.8964691162109
1,0.5,10,0.41498468606613936,0,0,0,2024-01-23,193.1732177734375
1,0.5,11,0.40714336729201134,0,0,0,2024-01-24,192.500244140625
1,0.5,12,0.38013104547617826,0,0,0,2024-01-25,192.173583984375
1,0.5,13,0.3574308451411647,0,0,0,2024-01-26,190.44158935546875
1,0.5,14,0.35998718449480044,0,0,0,2024-01-29,189.75868225097656
1,0.5,15,0.3474294356523116,1,0,0,2024-01-30,186.10662841796875
1,0.5,16,0.42326710974557846,1,0,0,2024-01-31,182.50405883789065
1,0.5,17,0.4289093125089451,1,0,0,2024-02-01,184.9387359619141
1,0.5,18,0.38823482320981545,1,0,0,2024-02-02,183.9391632080078
1,0.5,19,0.38088988766877485,0,0,0,2024-02-05,185.75030517578125
1,0.5,20,0.41972491984668564,0,0,0,2024-02-06,187.35366821289065
1,0.5,21,0.4229913826617614,0,0,0,2024-02-07,187.46255493164065
1,0.5,22,0.42920738915487117,0,0,0,2024-02-08,186.38375854492188
1,0.5,23,0.44082689698426303,0,0,0,2024-02-09,187.14682006835935
1,0.5,24,0.4247307793954704,0,0,0,2024-02-12,185.46212768554688
1,0.5,25,0.4538632778183254,0,0,0,2024-02-13,183.3711395263672
1,0.5,26,0.4354997637749969,0,0,0,2024-02-14,182.48919677734372
1,0.5,27,0.4438847700092856,0,0,0,2024-02-15,182.2017822265625
1,0.5,28,0.4900547391345818,0,0,0,2024-02-16,180.6657867431641
1,0.5,29,0.5071221330151651,1,1,0,2024-02-20,179.9225311279297
1,0.5,30,0.501601743944652,0,1,0,2024-02-21,180.6757049560547
1,0.5,31,0.4988593893796288,0,0,0,2024-02-22,182.7072296142578
1,0.5,32,0.5306258974563179,0,1,0,2024-02-23,180.87388610839844
1,0.5,33,0.5513159362796302,0,1,0,2024-02-26,179.52615356445312
1,0.5,34,0.5069473832470255,0,1,0,2024-02-27,180.98291015625
1,0.5,35,0.5225117861700649,0,1,0,2024-02-28,179.7838134765625
1,0.5,36,0.4585810397913707,0,0,0,2024-02-29,179.11985778808594
1,0.5,37,0.46342791696134933,0,0,0,2024-03-01,178.03968811035156
1,0.5,38,0.5670476088362404,0,1,0,2024-03-04,173.5208282470703
1,0.5,39,0.6831673152008082,1,1,0,2024-03-05,168.58570861816406
1,0.5,40,0.6485407611720279,1,1,0,2024-03-06,167.59474182128906
1,0.5,41,0.6743829646275646,1,1,0,2024-03-07,167.47584533691406
1,0.5,42,0.6222624321751713,1,1,0,2024-03-08,169.19021606445312
1,0.5,43,0.5648823686786137,1,1,0,2024-03-11,171.1920166015625
1,0.5,44,0.591378804485934,1,1,0,2024-03-12,171.6676788330078
1,0.5,45,0.5943761538449536,1,1,0,2024-03-13,169.58665466308594
1,0.5,46,0.5657968787795775,0,1,0,2024-03-14,171.43975830078125
1,0.5,47,0.49922561908911367,0,0,0,2024-03-15,171.06317138671875
1,0.5,48,0.5122160897634477,0,1,0,2024-03-18,172.15325927734375
1,0.5,49,0.4952348805679584,0,0,0,2024-03-19,174.49197387695312
1,0.5,50,0.44193196880049757,0,0,0,2024-03-20,177.05860900878906
1,0.5,51,0.3500969557531697,0,0,0,2024-03-21,169.82444763183594
1,0.5,52,0.3225577194437604,0,0,0,2024-03-22,170.7262420654297
1,0.5,53,0.31596670558867074,0,0,0,2024-03-25,169.3091583251953
1,0.5,54,0.3304831225535185,0,0,0,2024-03-26,168.179443359375
1,0.5,55,0.25260416468555963,0,0,0,2024-03-27,171.74696350097656
1,0.5,56,0.32763517521380164,0,0,0,2024-03-28,169.93345642089844
1,0.5,57,0.34202095718771863,0,0,0,2024-04-01,168.49655151367188
1,0.5,58,0.4257138587005532,1,0,0,2024-04-02,167.3172607421875
1,0.5,59,0.48672777820537516,0,0,0,2024-04-03,168.1199493408203
1,0.5,60,0.4925214938604812,1,0,0,2024-04-04,167.2974395751953
1,0.5,61,0.5466307174060033,1,1,0,2024-04-05,168.05059814453125
1,0.5,62,0.5857205735172849,1,1,0,2024-04-08,166.9307861328125
1,0.5,63,0.5873780788766209,0,1,0,2024-04-09,168.1397705078125
1,0.5,64,0.6139475238024872,0,1,0,2024-04-10,166.26683044433594
1,0.5,65,0.4959308658817333,0,0,0,2024-04-11,173.4613494873047
1,0.5,66,0.47591828574350853,0,0,0,2024-04-12,174.95774841308594
1,0.5,67,0.44911800237010446,0,0,0,2024-04-15,171.13255310058594
1,0.5,68,0.36886494474821535,0,0,0,2024-04-16,167.85240173339844
1,0.5,69,0.3768314110705558,1,0,0,2024-04-17,166.48484802246094
1,0.5,70,0.42665431037392615,1,0,0,2024-04-18,165.5334930419922
1,0.5,71,0.5492856559665514,1,1,0,2024-04-19,163.51190185546875
1,0.5,72,0.49332380710196977,1,0,0,2024-04-22,164.3443145751953
1,0.5,73,0.4996626469395365,1,0,0,2024-04-23,165.39476013183594
1,0.5,74,0.5127684192496086,0,1,0,2024-04-24,167.4956512451172
1,0.5,75,0.5944780526971897,1,1,0,2024-04-25,168.35780334472656
1,0.5,76,0.5724322457293151,1,1,0,2024-04-26,167.7731170654297
1,0.5,77,0.5522548922035057,1,1,0,2024-04-29,171.9352264404297
1,0.5,78,0.4956133275422697,1,0,0,2024-04-30,168.7938232421875
1,0.5,79,0.5105165705375708,1,1,0,2024-05-01,167.7731170654297
1,0.5,80,0.4313202156740685,1,0,0,2024-05-02,171.46949768066406
1,0.5,81,0.4191033687818804,0,0,0,2024-05-03,181.72613525390625
1,0.5,82,0.4044932822050912,1,0,0,2024-05-06,180.07119750976562
1,0.5,83,0.43224453229775944,1,0,0,2024-05-07,180.7549591064453
1,0.5,84,0.38842314492940966,1,0,0,2024-05-08,181.09190368652344
1,0.5,85,0.3930006943771627,1,0,0,2024-05-09,182.9053955078125
1,0.5,86,0.41467227062737233,1,0,0,2024-05-10,181.64517211914065
1,0.5,87,0.4227946522881148,1,0,0,2024-05-13,184.85037231445312
1,0.5,88,0.4243029458167522,1,0,0,2024-05-14,185.99151611328125
1,0.5,89,0.39958610541409756,1,0,0,2024-05-15,188.2639617919922
1,0.5,90,0.39360982303905295,0,0,0,2024-05-16,188.38304138183597
1,0.5,91,0.39737154445378453,0,0,0,2024-05-17,188.4127960205078
1,0.5,92,0.3774386032823959,0,0,0,2024-05-20,189.57383728027344
1,0.5,93,0.3472744727213602,0,0,0,2024-05-21,190.873779296875
1,0.5,94,0.4116873659834584,0,0,0,2024-05-22,189.4348907470703
1,0.5,95,0.5166788300627748,1,1,0,2024-05-23,185.44577026367188
1,0.5,96,0.4972524923252869,1,0,0,2024-05-24,188.5219573974609
1,0.5,97,0.4897416121287956,1,0,0,2024-05-28,188.5319061279297
1,0.5,98,0.49923133923232543,1,0,0,2024-05-29,188.82958984375
1,0.5,99,0.49283945125287637,1,0,0,2024-05-30,189.8219146728516
1,0.5,100,0.43007547978683536,1,0,0,2024-05-31,190.77456665039065
1,0.5,101,0.5053984647126222,0,1,0,2024-06-03,192.54086303710935
1,0.5,102,0.4888589045918942,1,0,0,2024-06-04,192.85842895507807
1,0.5,103,0.41553059394280695,1,0,0,2024-06-05,194.36676025390625
1,0.5,104,0.4025199844805998,1,0,0,2024-06-06,192.9874267578125
1,0.5,105,0.2678459126929776,1,0,0,2024-06-07,195.37892150878903
1,0.5,106,0.28237521601723115,1,0,0,2024-06-10,191.6378631591797
1,0.5,107,0.28841192938335075,1,0,0,2024-06-11,205.5601806640625
1,0.5,108,0.28045829348221135,0,0,0,2024-06-12,211.4347686767578
1,0.5,109,0.2918655711681547,0,0,0,2024-06-13,212.5957946777344
1,0.5,110,0.2736900761202267,0,0,0,2024-06-14,210.85922241210935
1,0.5,111,0.2761450142162049,0,0,0,2024-06-17,215.00711059570312
1,0.5,112,0.2604763167693467,0,0,0,2024-06-18,212.6453857421875
1,0.5,113,0.2125157323341997,1,0,0,2024-06-20,208.07077026367188
1,0.5,114,0.22848819465789702,1,0,0,2024-06-21,205.8975830078125
1,0.5,115,0.17504526144163807,1,0,0,2024-06-24,206.5426177978516
1,0.5,116,0.1845067204817725,1,0,0,2024-06-25,207.4654693603516
1,0.5,117,0.20367233717113115,1,0,0,2024-06-26,211.61338806152344
1,0.5,118,0.1984335244370417,1,0,0,2024-06-27,212.4568634033203
1,0.5,119,0.17093768985545446,1,0,0,2024-06-28,209.00357055664065
2,0.3,0,0.5009580079310052,1,1,0,2024-07-01,215.0865020751953
2,0.3,1,0.4693934669215343,1,1,0,2024-07-02,218.57952880859372
2,0.3,2,0.4264431651992239,1,1,0,2024-07-03,219.8496856689453
2,0.3,3,0.4105252901087798,1,1,0,2024-07-05,224.60292053222656
2,0.3,4,0.3570903104881905,1,1,0,2024-07-08,226.0715484619141
2,0.3,5,0.3391154356543057,1,1,0,2024-07-09,226.9249420166016
2,0.3,6,0.32598114441439124,0,1,0,2024-07-10,231.1919708251953
2,0.3,7,0.4868532585355961,0,1,0,2024-07-11,225.82347106933597
2,0.3,8,0.4139323702798798,0,1,0,2024-07-12,228.77069091796875
2,0.3,9,0.361176145771785,0,1,0,2024-07-15,232.6010589599609
2,0.3,10,0.33880984724445845,0,1,0,2024-07-16,233.017822265625
2,0.3,11,0.5455730869215417,0,1,0,2024-07-17,227.1234130859375
2,0.3,12,0.5203357320852251,0,1,0,2024-07-18,222.45948791503903
2,0.3,13,0.4794167247960334,0,1,0,2024-07-19,222.5885009765625
2,0.3,14,0.45176536614988305,0,1,0,2024-07-22,222.24118041992188
2,0.3,15,0.44611068035728524,0,1,0,2024-07-23,223.28314208984372
2,0.3,16,0.4698477658257762,1,1,0,2024-07-24,216.86276245117188
2,0.3,17,0.39542839189977136,1,1,0,2024-07-25,215.8208465576172
2,0.3,18,0.3574464958895069,1,1,0,2024-07-26,216.28726196289065
2,0.3,19,0.35579189883117557,0,1,0,2024-07-29,216.5651092529297
2,0.3,20,0.29860126644350216,0,0,0,2024-07-30,217.12078857421875
2,0.3,21,0.3182407847287419,0,1,0,2024-07-31,220.3756103515625
2,0.3,22,0.2911531615698278,0,0,0,2024-08-01,216.6841583251953
2,0.3,23,0.3182514103008133,0,1,0,2024-08-02,218.1726531982422
2,0.3,24,0.5058195998720264,1,1,0,2024-08-05,207.66392517089844
2,0.3,25,0.4855998536418858,1,1,0,2024-08-06,205.6395721435547
2,0.3,26,0.42750630725538485,1,1,0,2024-08-07,208.209716796875
2,0.3,27,0.29341582795478915,1,0,0,2024-08-08,211.67291259765625
2,0.3,28,0.33228244409547797,1,1,0,2024-08-09,214.5804443359375
2,0.3,29,0.39735796755183483,1,1,0,2024-08-12,216.11038208007807
2,0.3,30,0.3795390738114884,1,1,0,2024-08-13,219.82598876953125
2,0.3,31,0.32419864908917895,1,1,0,2024-08-14,220.2730407714844
2,0.3,32,0.3228116388073966,0,1,0,2024-08-15,223.2534637451172
2,0.3,33,0.3137715564704993,1,1,0,2024-08-16,224.57481384277344
2,0.3,34,0.2959936806655995,1,0,0,2024-08-19,224.41583251953125
2,0.3,35,0.2929899667765028,1,0,0,2024-08-20,225.0317840576172
2,0.3,36,0.3258741544715747,0,1,0,2024-08-21,224.9225006103516
2,0.3,37,0.32678914117383584,1,1,0,2024-08-22,223.064697265625
2,0.3,38,0.2903931293511711,1,0,0,2024-08-23,225.3596343994141
2,0.3,39,0.27006037717159537,0,0,0,2024-08-26,225.6974029541016
2,0.3,40,0.30130682870244724,0,1,0,2024-08-27,226.54185485839844
2,0.3,41,0.2823148779322862,0,0,0,2024-08-28,225.0119171142578
2,0.3,42,0.34303171098653523,0,1,0,2024-08-29,228.29039001464844
2,0.3,43,0.38670980803262134,0,1,0,2024-08-30,227.5055389404297
2,0.3,44,0.3504938692534718,0,1,0,2024-09-03,221.3162078857422
2,0.3,45,0.35461676204178805,1,1,0,2024-09-04,219.40872192382807
2,0.3,46,0.33016769141293795,0,1,0,2024-09-05,220.92874145507807
2,0.3,47,0.3502438505483664,1,1,0,2024-09-06,219.37892150878903
2,0.3,48,0.3367431024883878,0,1,0,2024-09-09,219.4683532714844
2,0.3,49,0.26602432769753737,0,0,0,2024-09-10,218.6735382080078
2,0.3,50,0.22148174037662272,0,0,0,2024-09-11,221.20692443847656
2,0.3,51,0.20233994947989575,1,0,0,2024-09-12,221.3162078857422
2,0.3,52,0.20798664713386417,1,0,0,2024-09-13,221.04795837402344
2,0.3,53,0.3650420631490968,1,1,0,2024-09-16,214.9082946777344
2,0.3,54,0.30976180085668037,1,1,0,2024-09-17,215.37522888183597
2,0.3,55,0.33674096494402966,1,1,0,2024-09-18,219.2497711181641
2,0.3,56,0.34629246311440265,0,1,1,2024-09-19,227.3763885498047
2,0.3,57,0.33994744277335065,0,1,1,2024-09-20,226.71075439453125
2,0.3,58,0.2911171580256152,1,0,0,2024-09-23,224.99205017089844
2,0.3,59,0.2716104012035541,0,0,0,2024-09-24,225.88616943359372
2,0.3,60,0.27522227151099926,0,0,0,2024-09-25,224.89268493652344
2,0.3,61,0.30839419011992597,0,1,0,2024-09-26,226.03518676757807
2,0.3,62,0.23510587821915516,0,0,0,2024-09-27,226.3034210205078
2,0.3,63,0.33541919789340785,0,1,0,2024-09-30,231.4794158935547
2,0.3,64,0.2491115737472256,0,0,0,2024-10-01,224.7337646484375
2,0.3,65,0.24913666792613245,1,0,0,2024-10-02,225.30001831054688
2,0.3,66,0.20937697919842668,1,0,0,2024-10-03,224.197265625
2,0.3,67,0.23635293507707866,1,0,0,2024-10-04,225.31988525390625
2,0.3,68,0.3096746666164262,1,1,0,2024-10-07,220.2432556152344
2,0.3,69,0.23705010495337295,1,0,0,2024-10-08,224.29661560058597
2,0.3,70,0.3261822992500281,1,1,0,2024-10-09,228.04200744628903
2,0.3,71,0.28370084640970333,1,0,0,2024-10-10,227.54525756835935
2,0.3,72,0.23919703398830586,1,0,0,2024-10-11,226.06500244140625
2,0.3,73,0.36594889140163506,1,1,0,2024-10-14,229.79054260253903
2,0.3,74,0.39525577167108594,1,1,1,2024-10-15,232.32388305664065
2,0.3,75,0.3610153055336152,0,1,0,2024-10-16,230.2673797607422
2,0.3,76,0.30624145440627437,0,1,0,2024-10-17,230.63497924804688
2,0.3,77,0.36021141253113564,0,1,1,2024-10-18,233.4663848876953
2,0.3,78,0.33684627810221324,0,1,0,2024-10-21,234.93670654296875
2,0.3,79,0.32923534629748485,0,1,0,2024-10-22,234.32077026367188
2,0.3,80,0.28328205739211226,0,0,0,2024-10-23,229.25405883789065
2,0.3,81,0.2334592455225022,0,0,0,2024-10-24,229.06529235839844
2,0.3,82,0.23185011715261125,0,0,0,2024-10-25,229.8998260498047
2,0.3,83,0.23308198411799022,0,0,0,2024-10-28,231.87681579589844
2,0.3,84,0.2517812552773903,0,0,0,2024-10-29,232.1450653076172
2,0.3,85,0.24106920545523883,0,0,0,2024-10-30,228.59835815429688
2,0.3,86,0.2927955302959115,1,0,0,2024-10-31,224.4357147216797
2,0.3,87,0.41637021603454805,1,1,0,2024-11-01,221.45529174804688
2,0.3,88,0.3988883783242278,1,1,0,2024-11-04,220.56114196777344
2,0.3,89,0.3284032885692639,1,1,0,2024-11-05,221.9917449951172
2,0.3,90,0.3609126719391813,1,1,0,2024-11-06,221.2665252685547
2,0.3,91,0.29417640502583936,1,0,0,2024-11-07,225.99545288085935
2,0.3,92,0.2576689371420356,0,0,0,2024-11-08,225.7269287109375
2,0.3,93,0.28838596897436036,1,0,0,2024-11-11,223.0117645263672
2,0.3,94,0.25420998776219755,1,0,0,2024-11-12,223.0117645263672
2,0.3,95,0.25117280835017336,1,0,0,2024-11-13,223.89691162109372
2,0.3,96,0.2703346530047768,0,0,0,2024-11-14,226.98008728027344
2,0.3,97,0.2516481226517055,1,0,0,2024-11-15,223.77757263183597
2,0.3,98,0.2976314245182187,1,0,0,2024-11-18,226.7811737060547
2,0.3,99,0.2549640978322582,1,0,0,2024-11-19,227.03973388671875
2,0.3,100,0.233384507748092,1,0,0,2024-11-20,227.75582885742188
2,0.3,101,0.20753068156473845,1,0,0,2024-11-21,227.2784576416016
2,0.3,102,0.22558405972885875,1,0,0,2024-11-22,228.62109375
2,0.3,103,0.26820413103211477,1,0,1,2024-11-25,231.60479736328125
2,0.3,104,0.22689658478899347,1,0,0,2024-11-26,233.78289794921875
2,0.3,105,0.21335852394315405,1,0,0,2024-11-27,233.6536102294922
2,0.3,106,0.2942951290239618,1,0,0,2024-11-29,236.04058837890625
2,0.3,107,0.28690858497748273,1,0,0,2024-12-02,238.28829956054688
2,0.3,108,0.3234522665291168,1,1,0,2024-12-03,241.3316650390625
2,0.3,109,0.32073174755933104,1,1,0,2024-12-04,241.6897125244141
2,0.3,110,0.3154747752355973,1,1,0,2024-12-05,241.71954345703125
2,0.3,111,0.34352400484467815,1,1,0,2024-12-06,241.5206298828125
2,0.3,112,0.347613046113943,1,1,0,2024-12-09,245.40940856933597
2,0.3,113,0.3126467459537218,1,1,0,2024-12-10,246.42385864257807
2,0.3,114,0.3847711738521836,1,1,0,2024-12-11,245.15081787109372
2,0.3,115,0.3679087728188234,1,1,0,2024-12-12,246.61285400390625
2,0.3,116,0.3727110876689047,1,1,0,2024-12-13,246.78189086914065
2,0.3,117,0.3445217249425386,1,1,0,2024-12-16,249.67608642578125
2,0.3,118,0.3312102144345546,1,1,0,2024-12-17,252.1028289794922
2,0.3,119,0.5312734679389326,1,1,0,2024-12-18,246.70233154296875
2,0.35,0,0.5009580079310052,1,1,0,2024-07-01,215.0865020751953
2,0.35,1,0.4693934669215343,1,1,0,2024-07-02,218.57952880859372
2,0.35,2,0.4264431651992239,1,1,0,2024-07-03,219.8496856689453
2,0.35,3,0.4105252901087798,1,1,0,2024-07-05,224.60292053222656
2,0.35,4,0.3570903104881905,1,1,0,2024-07-08,226.0715484619141
2,0.35,5,0.3391154356543057,1,0,0,2024-07-09,226.9249420166016
2,0.35,6,0.32598114441439124,0,0,0,2024-07-10,231.1919708251953
2,0.35,7,0.4868532585355961,0,1,0,2024-07-11,225.82347106933597
2,0.35,8,0.4139323702798798,0,1,0,2024-07-12,228.77069091796875
2,0.35,9,0.361176145771785,0,1,0,2024-07-15,232.6010589599609
2,0.35,10,0.33880984724445845,0,0,0,2024-07-16,233.017822265625
2,0.35,11,0.5455730869215417,0,1,0,2024-07-17,227.1234130859375
2,0.35,12,0.5203357320852251,0,1,0,2024-07-18,222.45948791503903
2,0.35,13,0.4794167247960334,0,1,0,2024-07-19,222.5885009765625
2,0.35,14,0.45176536614988305,0,1,0,2024-07-22,222.24118041992188
2,0.35,15,0.44611068035728524,0,1,0,2024-07-23,223.28314208984372
2,0.35,16,0.4698477658257762,1,1,0,2024-07-24,216.86276245117188
2,0.35,17,0.39542839189977136,1,1,0,2024-07-25,215.8208465576172
2,0.35,18,0.3574464958895069,1,1,0,2024-07-26,216.28726196289065
2,0.35,19,0.35579189883117557,0,1,0,2024-07-29,216.5651092529297
2,0.35,20,0.29860126644350216,0,0,0,2024-07-30,217.12078857421875
2,0.35,21,0.3182407847287419,0,0,0,2024-07-31,220.3756103515625
2,0.35,22,0.2911531615698278,0,0,0,2024-08-01,216.6841583251953
2,0.35,23,0.3182514103008133,0,0,0,2024-08-02,218.1726531982422
2,0.35,24,0.5058195998720264,1,1,0,2024-08-05,207.66392517089844
2,0.35,25,0.4855998536418858,1,1,0,2024-08-06,205.6395721435547
2,0.35,26,0.42750630725538485,1,1,0,2024-08-07,208.209716796875
2,0.35,27,0.29341582795478915,1,0,0,2024-08-08,211.67291259765625
2,0.35,28,0.33228244409547797,1,0,0,2024-08-09,214.5804443359375
2,0.35,29,0.39735796755183483,1,1,0,2024-08-12,216.11038208007807
2,0.35,30,0.3795390738114884,1,1,0,2024-08-13,219.82598876953125
2,0.35,31,0.32419864908917895,1,0,0,2024-08-14,220.2730407714844
2,0.35,32,0.3228116388073966,0,0,0,2024-08-15,223.2534637451172
2,0.35,33,0.3137715564704993,1,0,0,2024-08-16,224.57481384277344
2,0.35,34,0.2959936806655995,1,0,0,2024-08-19,224.41583251953125
2,0.35,35,0.2929899667765028,1,0,0,2024-08-20,225.0317840576172
2,0.35,36,0.3258741544715747,0,0,0,2024-08-21,224.9225006103516
2,0.35,37,0.32678914117383584,1,0,0,2024-08-22,223.064697265625
2,0.35,38,0.2903931293511711,1,0,0,2024-08-23,225.3596343994141
2,0.35,39,0.27006037717159537,0,0,0,2024-08-26,225.6974029541016
2,0.35,40,0.30130682870244724,0,0,0,2024-08-27,226.54185485839844
2,0.35,41,0.2823148779322862,0,0,0,2024-08-28,225.0119171142578
2,0.35,42,0.34303171098653523,0,0,0,2024-08-29,228.29039001464844
2,0.35,43,0.38670980803262134,0,1,0,2024-08-30,227.5055389404297
2,0.35,44,0.3504938692534718,0,1,0,2024-09-03,221.3162078857422
2,0.35,45,0.35461676204178805,1,1,0,2024-09-04,219.40872192382807
2,0.35,46,0.33016769141293795,0,0,0,2024-09-05,220.92874145507807
2,0.35,47,0.3502438505483664,1,1,0,2024-09-06,219.37892150878903
2,0.35,48,0.3367431024883878,0,0,0,2024-09-09,219.4683532714844
2,0.35,49,0.26602432769753737,0,0,0,2024-09-10,218.6735382080078
2,0.35,50,0.22148174037662272,0,0,0,2024-09-11,221.20692443847656
2,0.35,51,0.20233994947989575,1,0,0,2024-09-12,221.3162078857422
2,0.35,52,0.20798664713386417,1,0,0,2024-09-13,221.04795837402344
2,0.35,53,0.3650420631490968,1,1,0,2024-09-16,214.9082946777344
2,0.35,54,0.30976180085668037,1,0,0,2024-09-17,215.37522888183597
2,0.35,55,0.33674096494402966,1,0,0,2024-09-18,219.2497711181641
2,0.35,56,0.34629246311440265,0,0,1,2024-09-19,227.3763885498047
2,0.35,57,0.33994744277335065,0,0,1,2024-09-20,226.71075439453125
2,0.35,58,0.2911171580256152,1,0,0,2024-09-23,224.99205017089844
2,0.35,59,0.2716104012035541,0,0,0,2024-09-24,225.88616943359372
2,0.35,60,0.27522227151099926,0,0,0,2024-09-25,224.89268493652344
2,0.35,61,0.30839419011992597,0,0,0,2024-09-26,226.03518676757807
2,0.35,62,0.23510587821915516,0,0,0,2024-09-27,226.3034210205078
2,0.35,63,0.33541919789340785,0,0,0,2024-09-30,231.4794158935547
2,0.35,64,0.2491115737472256,0,0,0,2024-10-01,224.7337646484375
2,0.35,65,0.24913666792613245,1,0,0,2024-10-02,225.30001831054688
2,0.35,66,0.20937697919842668,1,0,0,2024-10-03,224.197265625
2,0.35,67,0.23635293507707866,1,0,0,2024-10-04,225.31988525390625
2,0.35,68,0.3096746666164262,1,0,0,2024-10-07,220.2432556152344
2,0.35,69,0.23705010495337295,1,0,0,2024-10-08,224.29661560058597
2,0.35,70,0.3261822992500281,1,0,0,2024-10-09,228.04200744628903
2,0.35,71,0.28370084640970333,1,0,0,2024-10-10,227.54525756835935
2,0.35,72,0.23919703398830586,1,0,0,2024-10-11,226.06500244140625
2,0.35,73,0.36594889140163506,1,1,0,2024-10-14,229.79054260253903
2,0.35,74,0.39525577167108594,1,1,1,2024-10-15,232.32388305664065
2,0.35,75,0.3610153055336152,0,1,0,2024-10-16,230.2673797607422
2,0.35,76,0.30624145440627437,0,0,0,2024-10-17,230.63497924804688
2,0.35,77,0.36021141253113564,0,1,1,2024-10-18,233.4663848876953
2,0.35,78,0.33684627810221324,0,0,0,2024-10-21,234.93670654296875
2,0.35,79,0.32923534629748485,0,0,0,2024-10-22,234.32077026367188
2,0.35,80,0.28328205739211226,0,0,0,2024-10-23,229.25405883789065
2,0.35,81,0.2334592455225022,0,0,0,2024-10-24,229.06529235839844
2,0.35,82,0.23185011715261125,0,0,0,2024-10-25,229.8998260498047
2,0.35,83,0.23308198411799022,0,0,0,2024-10-28,231.87681579589844
2,0.35,84,0.2517812552773903,0,0,0,2024-10-29,232.1450653076172
2,0.35,85,0.24106920545523883,0,0,0,2024-10-30,228.59835815429688
2,0.35,86,0.2927955302959115,1,0,0,2024-10-31,224.4357147216797
2,0.35,87,0.41637021603454805,1,1,0,2024-11-01,221.45529174804688
2,0.35,88,0.3988883783242278,1,1,0,2024-11-04,220.56114196777344
2,0.35,89,0.3284032885692639,1,0,0,2024-11-05,221.9917449951172
2,0.35,90,0.3609126719391813,1,1,0,2024-11-06,221.2665252685547
2,0.35,91,0.29417640502583936,1,0,0,2024-11-07,225.99545288085935
2,0.35,92,0.2576689371420356,0,0,0,2024-11-08,225.7269287109375
2,0.35,93,0.28838596897436036,1,0,0,2024-11-11,223.0117645263672
2,0.35,94,0.25420998776219755,1,0,0,2024-11-12,223.0117645263672
2,0.35,95,0.25117280835017336,1,0,0,2024-11-13,223.89691162109372
2,0.35,96,0.2703346530047768,0,0,0,2024-11-14,226.98008728027344
2,0.35,97,0.2516481226517055,1,0,0,2024-11-15,223.77757263183597
2,0.35,98,0.2976314245182187,1,0,0,2024-11-18,226.7811737060547
2,0.35,99,0.2549640978322582,1,0,0,2024-11-19,227.03973388671875
2,0.35,100,0.233384507748092,1,0,0,2024-11-20,227.75582885742188
2,0.35,101,0.20753068156473845,1,0,0,2024-11-21,227.2784576416016
2,0.35,102,0.22558405972885875,1,0,0,2024-11-22,228.62109375
2,0.35,103,0.26820413103211477,1,0,1,2024-11-25,231.60479736328125
2,0.35,104,0.22689658478899347,1,0,0,2024-11-26,233.78289794921875
2,0.35,105,0.21335852394315405,1,0,0,2024-11-27,233.6536102294922
2,0.35,106,0.2942951290239618,1,0,0,2024-11-29,236.04058837890625
2,0.35,107,0.28690858497748273,1,0,0,2024-12-02,238.28829956054688
2,0.35,108,0.3234522665291168,1,0,0,2024-12-03,241.3316650390625
2,0.35,109,0.32073174755933104,1,0,0,2024-12-04,241.6897125244141
2,0.35,110,0.3154747752355973,1,0,0,2024-12-05,241.71954345703125
2,0.35,111,0.34352400484467815,1,0,0,2024-12-06,241.5206298828125
2,0.35,112,0.347613046113943,1,0,0,2024-12-09,245.40940856933597
2,0.35,113,0.3126467459537218,1,0,0,2024-12-10,246.42385864257807
2,0.35,114,0.3847711738521836,1,1,0,2024-12-11,245.15081787109372
2,0.35,115,0.3679087728188234,1,1,0,2024-12-12,246.61285400390625
2,0.35,116,0.3727110876689047,1,1,0,2024-12-13,246.78189086914065
2,0.35,117,0.3445217249425386,1,0,0,2024-12-16,249.67608642578125
2,0.35,118,0.3312102144345546,1,0,0,2024-12-17,252.1028289794922
2,0.35,119,0.5312734679389326,1,1,0,2024-12-18,246.70233154296875
2,0.4,0,0.5009580079310052,1,1,0,2024-07-01,215.0865020751953
2,0.4,1,0.4693934669215343,1,1,0,2024-07-02,218.57952880859372
2,0.4,2,0.4264431651992239,1,1,0,2024-07-03,219.8496856689453
2,0.4,3,0.4105252901087798,1,1,0,2024-07-05,224.60292053222656
2,0.4,4,0.3570903104881905,1,0,0,2024-07-08,226.0715484619141
2,0.4,5,0.3391154356543057,1,0,0,2024-07-09,226.9249420166016
2,0.4,6,0.32598114441439124,0,0,0,2024-07-10,231.1919708251953
2,0.4,7,0.4868532585355961,0,1,0,2024-07-11,225.82347106933597
2,0.4,8,0.4139323702798798,0,1,0,2024-07-12,228.77069091796875
2,0.4,9,0.361176145771785,0,0,0,2024-07-15,232.6010589599609
2,0.4,10,0.33880984724445845,0,0,0,2024-07-16,233.017822265625
2,0.4,11,0.5455730869215417,0,1,0,2024-07-17,227.1234130859375
2,0.4,12,0.5203357320852251,0,1,0,2024-07-18,222.45948791503903
2,0.4,13,0.4794167247960334,0,1,0,2024-07-19,222.5885009765625
2,0.4,14,0.45176536614988305,0,1,0,2024-07-22,222.24118041992188
2,0.4,15,0.44611068035728524,0,1,0,2024-07-23,223.28314208984372
2,0.4,16,0.4698477658257762,1,1,0,2024-07-24,216.86276245117188
2,0.4,17,0.39542839189977136,1,0,0,2024-07-25,215.8208465576172
2,0.4,18,0.3574464958895069,1,0,0,2024-07-26,216.28726196289065
2,0.4,19,0.35579189883117557,0,0,0,2024-07-29,216.5651092529297
2,0.4,20,0.29860126644350216,0,0,0,2024-07-30,217.12078857421875
2,0.4,21,0.3182407847287419,0,0,0,2024-07-31,220.3756103515625
2,0.4,22,0.2911531615698278,0,0,0,2024-08-01,216.6841583251953
2,0.4,23,0.3182514103008133,0,0,0,2024-08-02,218.1726531982422
2,0.4,24,0.5058195998720264,1,1,0,2024-08-05,207.66392517089844
2,0.4,25,0.4855998536418858,1,1,0,2024-08-06,205.6395721435547
2,0.4,26,0.42750630725538485,1,1,0,2024-08-07,208.209716796875
2,0.4,27,0.29341582795478915,1,0,0,2024-08-08,211.67291259765625
2,0.4,28,0.33228244409547797,1,0,0,2024-08-09,214.5804443359375
2,0.4,29,0.39735796755183483,1,0,0,2024-08-12,216.11038208007807
2,0.4,30,0.3795390738114884,1,0,0,2024-08-13,219.82598876953125
2,0.4,31,0.32419864908917895,1,0,0,2024-08-14,220.2730407714844
2,0.4,32,0.3228116388073966,0,0,0,2024-08-15,223.2534637451172
2,0.4,33,0.3137715564704993,1,0,0,2024-08-16,224.57481384277344
2,0.4,34,0.2959936806655995,1,0,0,2024-08-19,224.41583251953125
2,0.4,35,0.2929899667765028,1,0,0,2024-08-20,225.0317840576172
2,0.4,36,0.3258741544715747,0,0,0,2024-08-21,224.9225006103516
2,0.4,37,0.32678914117383584,1,0,0,2024-08-22,223.064697265625
2,0.4,38,0.2903931293511711,1,0,0,2024-08-23,225.3596343994141
2,0.4,39,0.27006037717159537,0,0,0,2024-08-26,225.6974029541016
2,0.4,40,0.30130682870244724,0,0,0,2024-08-27,226.54185485839844
2,0.4,41,0.2823148779322862,0,0,0,2024-08-28,225.0119171142578
2,0.4,42,0.34303171098653523,0,0,0,2024-08-29,228.29039001464844
2,0.4,43,0.38670980803262134,0,0,0,2024-08-30,227.5055389404297
2,0.4,44,0.3504938692534718,0,0,0,2024-09-03,221.3162078857422
2,0.4,45,0.35461676204178805,1,0,0,2024-09-04,219.40872192382807
2,0.4,46,0.33016769141293795,0,0,0,2024-09-05,220.92874145507807
2,0.4,47,0.3502438505483664,1,0,0,2024-09-06,219.37892150878903
2,0.4,48,0.3367431024883878,0,0,0,2024-09-09,219.4683532714844
2,0.4,49,0.26602432769753737,0,0,0,2024-09-10,218.6735382080078
2,0.4,50,0.22148174037662272,0,0,0,2024-09-11,221.20692443847656
2,0.4,51,0.20233994947989575,1,0,0,2024-09-12,221.3162078857422
2,0.4,52,0.20798664713386417,1,0,0,2024-09-13,221.04795837402344
2,0.4,53,0.3650420631490968,1,0,0,2024-09-16,214.9082946777344
2,0.4,54,0.30976180085668037,1,0,0,2024-09-17,215.37522888183597
2,0.4,55,0.33674096494402966,1,0,0,2024-09-18,219.2497711181641
2,0.4,56,0.34629246311440265,0,0,1,2024-09-19,227.3763885498047
2,0.4,57,0.33994744277335065,0,0,1,2024-09-20,226.71075439453125
2,0.4,58,0.2911171580256152,1,0,0,2024-09-23,224.99205017089844
2,0.4,59,0.2716104012035541,0,0,0,2024-09-24,225.88616943359372
2,0.4,60,0.27522227151099926,0,0,0,2024-09-25,224.89268493652344
2,0.4,61,0.30839419011992597,0,0,0,2024-09-26,226.03518676757807
2,0.4,62,0.23510587821915516,0,0,0,2024-09-27,226.3034210205078
2,0.4,63,0.33541919789340785,0,0,0,2024-09-30,231.4794158935547
2,0.4,64,0.2491115737472256,0,0,0,2024-10-01,224.7337646484375
2,0.4,65,0.24913666792613245,1,0,0,2024-10-02,225.30001831054688
2,0.4,66,0.20937697919842668,1,0,0,2024-10-03,224.197265625
2,0.4,67,0.23635293507707866,1,0,0,2024-10-04,225.31988525390625
2,0.4,68,0.3096746666164262,1,0,0,2024-10-07,220.2432556152344
2,0.4,69,0.23705010495337295,1,0,0,2024-10-08,224.29661560058597
2,0.4,70,0.3261822992500281,1,0,0,2024-10-09,228.04200744628903
2,0.4,71,0.28370084640970333,1,0,0,2024-10-10,227.54525756835935
2,0.4,72,0.23919703398830586,1,0,0,2024-10-11,226.06500244140625
2,0.4,73,0.36594889140163506,1,0,0,2024-10-14,229.79054260253903
2,0.4,74,0.39525577167108594,1,0,1,2024-10-15,232.32388305664065
2,0.4,75,0.3610153055336152,0,0,0,2024-10-16,230.2673797607422
2,0.4,76,0.30624145440627437,0,0,0,2024-10-17,230.63497924804688
2,0.4,77,0.36021141253113564,0,0,1,2024-10-18,233.4663848876953
2,0.4,78,0.33684627810221324,0,0,0,2024-10-21,234.93670654296875
2,0.4,79,0.32923534629748485,0,0,0,2024-10-22,234.32077026367188
2,0.4,80,0.28328205739211226,0,0,0,2024-10-23,229.25405883789065
2,0.4,81,0.2334592455225022,0,0,0,2024-10-24,229.06529235839844
2,0.4,82,0.23185011715261125,0,0,0,2024-10-25,229.8998260498047
2,0.4,83,0.23308198411799022,0,0,0,2024-10-28,231.87681579589844
2,0.4,84,0.2517812552773903,0,0,0,2024-10-29,232.1450653076172
2,0.4,85,0.24106920545523883,0,0,0,2024-10-30,228.59835815429688
2,0.4,86,0.2927955302959115,1,0,0,2024-10-31,224.4357147216797
2,0.4,87,0.41637021603454805,1,1,0,2024-11-01,221.45529174804688
2,0.4,88,0.3988883783242278,1,0,0,2024-11-04,220.56114196777344
2,0.4,89,0.3284032885692639,1,0,0,2024-11-05,221.9917449951172
2,0.4,90,0.3609126719391813,1,0,0,2024-11-06,221.2665252685547
2,0.4,91,0.29417640502583936,1,0,0,2024-11-07,225.99545288085935
2,0.4,92,0.2576689371420356,0,0,0,2024-11-08,225.7269287109375
2,0.4,93,0.28838596897436036,1,0,0,2024-11-11,223.0117645263672
2,0.4,94,0.25420998776219755,1,0,0,2024-11-12,223.0117645263672
2,0.4,95,0.25117280835017336,1,0,0,2024-11-13,223.89691162109372
2,0.4,96,0.2703346530047768,0,0,0,2024-11-14,226.98008728027344
2,0.4,97,0.2516481226517055,1,0,0,2024-11-15,223.77757263183597
2,0.4,98,0.2976314245182187,1,0,0,2024-11-18,226.7811737060547
2,0.4,99,0.2549640978322582,1,0,0,2024-11-19,227.03973388671875
2,0.4,100,0.233384507748092,1,0,0,2024-11-20,227.75582885742188
2,0.4,101,0.20753068156473845,1,0,0,2024-11-21,227.2784576416016
2,0.4,102,0.22558405972885875,1,0,0,2024-11-22,228.62109375
2,0.4,103,0.26820413103211477,1,0,1,2024-11-25,231.60479736328125
2,0.4,104,0.22689658478899347,1,0,0,2024-11-26,233.78289794921875
2,0.4,105,0.21335852394315405,1,0,0,2024-11-27,233.6536102294922
2,0.4,106,0.2942951290239618,1,0,0,2024-11-29,236.04058837890625
2,0.4,107,0.28690858497748273,1,0,0,2024-12-02,238.28829956054688
2,0.4,108,0.3234522665291168,1,0,0,2024-12-03,241.3316650390625
2,0.4,109,0.32073174755933104,1,0,0,2024-12-04,241.6897125244141
2,0.4,110,0.3154747752355973,1,0,0,2024-12-05,241.71954345703125
2,0.4,111,0.34352400484467815,1,0,0,2024-12-06,241.5206298828125
2,0.4,112,0.347613046113943,1,0,0,2024-12-09,245.40940856933597
2,0.4,113,0.3126467459537218,1,0,0,2024-12-10,246.42385864257807
2,0.4,114,0.3847711738521836,1,0,0,2024-12-11,245.15081787109372
2,0.4,115,0.3679087728188234,1,0,0,2024-12-12,246.61285400390625
2,0.4,116,0.3727110876689047,1,0,0,2024-12-13,246.78189086914065
2,0.4,117,0.3445217249425386,1,0,0,2024-12-16,249.67608642578125
2,0.4,118,0.3312102144345546,1,0,0,2024-12-17,252.1028289794922
2,0.4,119,0.5312734679389326,1,1,0,2024-12-18,246.70233154296875
2,0.45,0,0.5009580079310052,1,1,0,2024-07-01,215.0865020751953
2,0.45,1,0.4693934669215343,1,1,0,2024-07-02,218.57952880859372
2,0.45,2,0.4264431651992239,1,0,0,2024-07-03,219.8496856689453
2,0.45,3,0.4105252901087798,1,0,0,2024-07-05,224.60292053222656
2,0.45,4,0.3570903104881905,1,0,0,2024-07-08,226.0715484619141
2,0.45,5,0.3391154356543057,1,0,0,2024-07-09,226.9249420166016
2,0.45,6,0.32598114441439124,0,0,0,2024-07-10,231.1919708251953
2,0.45,7,0.4868532585355961,0,1,0,2024-07-11,225.82347106933597
2,0.45,8,0.4139323702798798,0,0,0,2024-07-12,228.77069091796875
2,0.45,9,0.361176145771785,0,0,0,2024-07-15,232.6010589599609
2,0.45,10,0.33880984724445845,0,0,0,2024-07-16,233.017822265625
2,0.45,11,0.5455730869215417,0,1,0,2024-07-17,227.1234130859375
2,0.45,12,0.5203357320852251,0,1,0,2024-07-18,222.45948791503903
2,0.45,13,0.4794167247960334,0,1,0,2024-07-19,222.5885009765625
2,0.45,14,0.45176536614988305,0,1,0,2024-07-22,222.24118041992188
2,0.45,15,0.44611068035728524,0,0,0,2024-07-23,223.28314208984372
2,0.45,16,0.4698477658257762,1,1,0,2024-07-24,216.86276245117188
2,0.45,17,0.39542839189977136,1,0,0,2024-07-25,215.8208465576172
2,0.45,18,0.3574464958895069,1,0,0,2024-07-26,216.28726196289065
2,0.45,19,0.35579189883117557,0,0,0,2024-07-29,216.5651092529297
2,0.45,20,0.29860126644350216,0,0,0,2024-07-30,217.12078857421875
2,0.45,21,0.3182407847287419,0,0,0,2024-07-31,220.3756103515625
2,0.45,22,0.2911531615698278,0,0,0,2024-08-01,216.6841583251953
2,0.45,23,0.3182514103008133,0,0,0,2024-08-02,218.1726531982422
2,0.45,24,0.5058195998720264,1,1,0,2024-08-05,207.66392517089844
2,0.45,25,0.4855998536418858,1,1,0,2024-08-06,205.6395721435547
2,0.45,26,0.42750630725538485,1,0,0,2024-08-07,208.209716796875
2,0.45,27,0.29341582795478915,1,0,0,2024-08-08,211.67291259765625
2,0.45,28,0.33228244409547797,1,0,0,2024-08-09,214.5804443359375
2,0.45,29,0.39735796755183483,1,0,0,2024-08-12,216.11038208007807
2,0.45,30,0.3795390738114884,1,0,0,2024-08-13,219.82598876953125
2,0.45,31,0.32419864908917895,1,0,0,2024-08-14,220.2730407714844
2,0.45,32,0.3228116388073966,0,0,0,2024-08-15,223.2534637451172
2,0.45,33,0.3137715564704993,1,0,0,2024-08-16,224.57481384277344
2,0.45,34,0.2959936806655995,1,0,0,2024-08-19,224.41583251953125
2,0.45,35,0.2929899667765028,1,0,0,2024-08-20,225.0317840576172
2,0.45,36,0.3258741544715747,0,0,0,2024-08-21,224.9225006103516
2,0.45,37,0.32678914117383584,1,0,0,2024-08-22,223.064697265625
2,0.45,38,0.2903931293511711,1,0,0,2024-08-23,225.3596343994141
2,0.45,39,0.27006037717159537,0,0,0,2024-08-26,225.6974029541016
2,0.45,40,0.30130682870244724,0,0,0,2024-08-27,226.54185485839844
2,0.45,41,0.2823148779322862,0,0,0,2024-08-28,225.0119171142578
2,0.45,42,0.34303171098653523,0,0,0,2024-08-29,228.29039001464844
2,0.45,43,0.38670980803262134,0,0,0,2024-08-30,227.5055389404297
2,0.45,44,0.3504938692534718,0,0,0,2024-09-03,221.3162078857422
2,0.45,45,0.35461676204178805,1,0,0,2024-09-04,219.40872192382807
2,0.45,46,0.33016769141293795,0,0,0,2024-09-05,220.92874145507807
2,0.45,47,0.3502438505483664,1,0,0,2024-09-06,219.37892150878903
2,0.45,48,0.3367431024883878,0,0,0,2024-09-09,219.4683532714844
2,0.45,49,0.26602432769753737,0,0,0,2024-09-10,218.6735382080078
2,0.45,50,0.22148174037662272,0,0,0,2024-09-11,221.20692443847656
2,0.45,51,0.20233994947989575,1,0,0,2024-09-12,221.3162078857422
2,0.45,52,0.20798664713386417,1,0,0,2024-09-13,221.04795837402344
2,0.45,53,0.3650420631490968,1,0,0,2024-09-16,214.9082946777344
2,0.45,54,0.30976180085668037,1,0,0,2024-09-17,215.37522888183597
2,0.45,55,0.33674096494402966,1,0,0,2024-09-18,219.2497711181641
2,0.45,56,0.34629246311440265,0,0,1,2024-09-19,227.3763885498047
2,0.45,57,0.33994744277335065,0,0,1,2024-09-20,226.71075439453125
2,0.45,58,0.2911171580256152,1,0,0,2024-09-23,224.99205017089844
2,0.45,59,0.2716104012035541,0,0,0,2024-09-24,225.88616943359372
2,0.45,60,0.27522227151099926,0,0,0,2024-09-25,224.89268493652344
2,0.45,61,0.30839419011992597,0,0,0,2024-09-26,226.03518676757807
2,0.45,62,0.23510587821915516,0,0,0,2024-09-27,226.3034210205078
2,0.45,63,0.33541919789340785,0,0,0,2024-09-30,231.4794158935547
2,0.45,64,0.2491115737472256,0,0,0,2024-10-01,224.7337646484375
2,0.45,65,0.24913666792613245,1,0,0,2024-10-02,225.30001831054688
2,0.45,66,0.20937697919842668,1,0,0,2024-10-03,224.197265625
2,0.45,67,0.23635293507707866,1,0,0,2024-10-04,225.31988525390625
2,0.45,68,0.3096746666164262,1,0,0,2024-10-07,220.2432556152344
2,0.45,69,0.23705010495337295,1,0,0,2024-10-08,224.29661560058597
2,0.45,70,0.3261822992500281,1,0,0,2024-10-09,228.04200744628903
2,0.45,71,0.28370084640970333,1,0,0,2024-10-10,227.54525756835935
2,0.45,72,0.23919703398830586,1,0,0,2024-10-11,226.06500244140625
2,0.45,73,0.36594889140163506,1,0,0,2024-10-14,229.79054260253903
2,0.45,74,0.39525577167108594,1,0,1,2024-10-15,232.32388305664065
2,0.45,75,0.3610153055336152,0,0,0,2024-10-16,230.2673797607422
2,0.45,76,0.30624145440627437,0,0,0,2024-10-17,230.63497924804688
2,0.45,77,0.36021141253113564,0,0,1,2024-10-18,233.4663848876953
2,0.45,78,0.33684627810221324,0,0,0,2024-10-21,234.93670654296875
2,0.45,79,0.32923534629748485,0,0,0,2024-10-22,234.32077026367188
2,0.45,80,0.28328205739211226,0,0,0,2024-10-23,229.25405883789065
2,0.45,81,0.2334592455225022,0,0,0,2024-10-24,229.06529235839844
2,0.45,82,0.23185011715261125,0,0,0,2024-10-25,229.8998260498047
2,0.45,83,0.23308198411799022,0,0,0,2024-10-28,231.87681579589844
2,0.45,84,0.2517812552773903,0,0,0,2024-10-29,232.1450653076172
2,0.45,85,0.24106920545523883,0,0,0,2024-10-30,228.59835815429688
2,0.45,86,0.2927955302959115,1,0,0,2024-10-31,224.4357147216797
2,0.45,87,0.41637021603454805,1,0,0,2024-11-01,221.45529174804688
2,0.45,88,0.3988883783242278,1,0,0,2024-11-04,220.56114196777344
2,0.45,89,0.3284032885692639,1,0,0,2024-11-05,221.9917449951172
2,0.45,90,0.3609126719391813,1,0,0,2024-11-06,221.2665252685547
2,0.45,91,0.29417640502583936,1,0,0,2024-11-07,225.99545288085935
2,0.45,92,0.2576689371420356,0,0,0,2024-11-08,225.7269287109375
2,0.45,93,0.28838596897436036,1,0,0,2024-11-11,223.0117645263672
2,0.45,94,0.25420998776219755,1,0,0,2024-11-12,223.0117645263672
2,0.45,95,0.25117280835017336,1,0,0,2024-11-13,223.89691162109372
2,0.45,96,0.2703346530047768,0,0,0,2024-11-14,226.98008728027344
2,0.45,97,0.2516481226517055,1,0,0,2024-11-15,223.77757263183597
2,0.45,98,0.2976314245182187,1,0,0,2024-11-18,226.7811737060547
2,0.45,99,0.2549640978322582,1,0,0,2024-11-19,227.03973388671875
2,0.45,100,0.233384507748092,1,0,0,2024-11-20,227.75582885742188
2,0.45,101,0.20753068156473845,1,0,0,2024-11-21,227.2784576416016
2,0.45,102,0.22558405972885875,1,0,0,2024-11-22,228.62109375
2,0.45,103,0.26820413103211477,1,0,1,2024-11-25,231.60479736328125
2,0.45,104,0.22689658478899347,1,0,0,2024-11-26,233.78289794921875
2,0.45,105,0.21335852394315405,1,0,0,2024-11-27,233.6536102294922
2,0.45,106,0.2942951290239618,1,0,0,2024-11-29,236.04058837890625
2,0.45,107,0.28690858497748273,1,0,0,2024-12-02,238.28829956054688
2,0.45,108,0.3234522665291168,1,0,0,2024-12-03,241.3316650390625
2,0.45,109,0.32073174755933104,1,0,0,2024-12-04,241.6897125244141
2,0.45,110,0.3154747752355973,1,0,0,2024-12-05,241.71954345703125
2,0.45,111,0.34352400484467815,1,0,0,2024-12-06,241.5206298828125
2,0.45,112,0.347613046113943,1,0,0,2024-12-09,245.40940856933597
2,0.45,113,0.3126467459537218,1,0,0,2024-12-10,246.42385864257807
2,0.45,114,0.3847711738521836,1,0,0,2024-12-11,245.15081787109372
2,0.45,115,0.3679087728188234,1,0,0,2024-12-12,246.61285400390625
2,0.45,116,0.3727110876689047,1,0,0,2024-12-13,246.78189086914065
2,0.45,117,0.3445217249425386,1,0,0,2024-12-16,249.67608642578125
2,0.45,118,0.3312102144345546,1,0,0,2024-12-17,252.1028289794922
2,0.45,119,0.5312734679389326,1,1,0,2024-12-18,246.70233154296875
2,0.5,0,0.5009580079310052,1,1,0,2024-07-01,215.0865020751953
2,0.5,1,0.4693934669215343,1,0,0,2024-07-02,218.57952880859372
2,0.5,2,0.4264431651992239,1,0,0,2024-07-03,219.8496856689453
2,0.5,3,0.4105252901087798,1,0,0,2024-07-05,224.60292053222656
2,0.5,4,0.3570903104881905,1,0,0,2024-07-08,226.0715484619141
2,0.5,5,0.3391154356543057,1,0,0,2024-07-09,226.9249420166016
2,0.5,6,0.32598114441439124,0,0,0,2024-07-10,231.1919708251953
2,0.5,7,0.4868532585355961,0,0,0,2024-07-11,225.82347106933597
2,0.5,8,0.4139323702798798,0,0,0,2024-07-12,228.77069091796875
2,0.5,9,0.361176145771785,0,0,0,2024-07-15,232.6010589599609
2,0.5,10,0.33880984724445845,0,0,0,2024-07-16,233.017822265625
2,0.5,11,0.5455730869215417,0,1,0,2024-07-17,227.1234130859375
2,0.5,12,0.5203357320852251,0,1,0,2024-07-18,222.45948791503903
2,0.5,13,0.4794167247960334,0,0,0,2024-07-19,222.5885009765625
2,0.5,14,0.45176536614988305,0,0,0,2024-07-22,222.24118041992188
2,0.5,15,0.44611068035728524,0,0,0,2024-07-23,223.28314208984372
2,0.5,16,0.4698477658257762,1,0,0,2024-07-24,216.86276245117188
2,0.5,17,0.39542839189977136,1,0,0,2024-07-25,215.8208465576172
2,0.5,18,0.3574464958895069,1,0,0,2024-07-26,216.28726196289065
2,0.5,19,0.35579189883117557,0,0,0,2024-07-29,216.5651092529297
2,0.5,20,0.29860126644350216,0,0,0,2024-07-30,217.12078857421875
2,0.5,21,0.3182407847287419,0,0,0,2024-07-31,220.3756103515625
2,0.5,22,0.2911531615698278,0,0,0,2024-08-01,216.6841583251953
2,0.5,23,0.3182514103008133,0,0,0,2024-08-02,218.1726531982422
2,0.5,24,0.5058195998720264,1,1,0,2024-08-05,207.66392517089844
2,0.5,25,0.4855998536418858,1,0,0,2024-08-06,205.6395721435547
2,0.5,26,0.42750630725538485,1,0,0,2024-08-07,208.209716796875
2,0.5,27,0.29341582795478915,1,0,0,2024-08-08,211.67291259765625
2,0.5,28,0.33228244409547797,1,0,0,2024-08-09,214.5804443359375
2,0.5,29,0.39735796755183483,1,0,0,2024-08-12,216.11038208007807
2,0.5,30,0.3795390738114884,1,0,0,2024-08-13,219.82598876953125
2,0.5,31,0.32419864908917895,1,0,0,2024-08-14,220.2730407714844
2,0.5,32,0.3228116388073966,0,0,0,2024-08-15,223.2534637451172
2,0.5,33,0.3137715564704993,1,0,0,2024-08-16,224.57481384277344
2,0.5,34,0.2959936806655995,1,0,0,2024-08-19,224.41583251953125
2,0.5,35,0.2929899667765028,1,0,0,2024-08-20,225.0317840576172
2,0.5,36,0.3258741544715747,0,0,0,2024-08-21,224.9225006103516
2,0.5,37,0.32678914117383584,1,0,0,2024-08-22,223.064697265625
2,0.5,38,0.2903931293511711,1,0,0,2024-08-23,225.3596343994141
2,0.5,39,0.27006037717159537,0,0,0,2024-08-26,225.6974029541016
2,0.5,40,0.30130682870244724,0,0,0,2024-08-27,226.54185485839844
2,0.5,41,0.2823148779322862,0,0,0,2024-08-28,225.0119171142578
2,0.5,42,0.34303171098653523,0,0,0,2024-08-29,228.29039001464844
2,0.5,43,0.38670980803262134,0,0,0,2024-08-30,227.5055389404297
2,0.5,44,0.3504938692534718,0,0,0,2024-09-03,221.3162078857422
2,0.5,45,0.35461676204178805,1,0,0,2024-09-04,219.40872192382807
2,0.5,46,0.33016769141293795,0,0,0,2024-09-05,220.92874145507807
2,0.5,47,0.3502438505483664,1,0,0,2024-09-06,219.37892150878903
2,0.5,48,0.3367431024883878,0,0,0,2024-09-09,219.4683532714844
2,0.5,49,0.26602432769753737,0,0,0,2024-09-10,218.6735382080078
2,0.5,50,0.22148174037662272,0,0,0,2024-09-11,221.20692443847656
2,0.5,51,0.20233994947989575,1,0,0,2024-09-12,221.3162078857422
2,0.5,52,0.20798664713386417,1,0,0,2024-09-13,221.04795837402344
2,0.5,53,0.3650420631490968,1,0,0,2024-09-16,214.9082946777344
2,0.5,54,0.30976180085668037,1,0,0,2024-09-17,215.37522888183597
2,0.5,55,0.33674096494402966,1,0,0,2024-09-18,219.2497711181641
2,0.5,56,0.34629246311440265,0,0,1,2024-09-19,227.3763885498047
2,0.5,57,0.33994744277335065,0,0,1,2024-09-20,226.71075439453125
2,0.5,58,0.2911171580256152,1,0,0,2024-09-23,224.99205017089844
2,0.5,59,0.2716104012035541,0,0,0,2024-09-24,225.88616943359372
2,0.5,60,0.27522227151099926,0,0,0,2024-09-25,224.89268493652344
2,0.5,61,0.30839419011992597,0,0,0,2024-09-26,226.03518676757807
2,0.5,62,0.23510587821915516,0,0,0,2024-09-27,226.3034210205078
2,0.5,63,0.33541919789340785,0,0,0,2024-09-30,231.4794158935547
2,0.5,64,0.2491115737472256,0,0,0,2024-10-01,224.7337646484375
2,0.5,65,0.24913666792613245,1,0,0,2024-10-02,225.30001831054688
2,0.5,66,0.20937697919842668,1,0,0,2024-10-03,224.197265625
2,0.5,67,0.23635293507707866,1,0,0,2024-10-04,225.31988525390625
2,0.5,68,0.3096746666164262,1,0,0,2024-10-07,220.2432556152344
2,0.5,69,0.23705010495337295,1,0,0,2024-10-08,224.29661560058597
2,0.5,70,0.3261822992500281,1,0,0,2024-10-09,228.04200744628903
2,0.5,71,0.28370084640970333,1,0,0,2024-10-10,227.54525756835935
2,0.5,72,0.23919703398830586,1,0,0,2024-10-11,226.06500244140625
2,0.5,73,0.36594889140163506,1,0,0,2024-10-14,229.79054260253903
2,0.5,74,0.39525577167108594,1,0,1,2024-10-15,232.32388305664065
2,0.5,75,0.3610153055336152,0,0,0,2024-10-16,230.2673797607422
2,0.5,76,0.30624145440627437,0,0,0,2024-10-17,230.63497924804688
2,0.5,77,0.36021141253113564,0,0,1,2024-10-18,233.4663848876953
2,0.5,78,0.33684627810221324,0,0,0,2024-10-21,234.93670654296875
2,0.5,79,0.32923534629748485,0,0,0,2024-10-22,234.32077026367188
2,0.5,80,0.28328205739211226,0,0,0,2024-10-23,229.25405883789065
2,0.5,81,0.2334592455225022,0,0,0,2024-10-24,229.06529235839844
2,0.5,82,0.23185011715261125,0,0,0,2024-10-25,229.8998260498047
2,0.5,83,0.23308198411799022,0,0,0,2024-10-28,231.87681579589844
2,0.5,84,0.2517812552773903,0,0,0,2024-10-29,232.1450653076172
2,0.5,85,0.24106920545523883,0,0,0,2024-10-30,228.59835815429688
2,0.5,86,0.2927955302959115,1,0,0,2024-10-31,224.4357147216797
2,0.5,87,0.41637021603454805,1,0,0,2024-11-01,221.45529174804688
2,0.5,88,0.3988883783242278,1,0,0,2024-11-04,220.56114196777344
2,0.5,89,0.3284032885692639,1,0,0,2024-11-05,221.9917449951172
2,0.5,90,0.3609126719391813,1,0,0,2024-11-06,221.2665252685547
2,0.5,91,0.29417640502583936,1,0,0,2024-11-07,225.99545288085935
2,0.5,92,0.2576689371420356,0,0,0,2024-11-08,225.7269287109375
2,0.5,93,0.28838596897436036,1,0,0,2024-11-11,223.0117645263672
2,0.5,94,0.25420998776219755,1,0,0,2024-11-12,223.0117645263672
2,0.5,95,0.25117280835017336,1,0,0,2024-11-13,223.89691162109372
2,0.5,96,0.2703346530047768,0,0,0,2024-11-14,226.98008728027344
2,0.5,97,0.2516481226517055,1,0,0,2024-11-15,223.77757263183597
2,0.5,98,0.2976314245182187,1,0,0,2024-11-18,226.7811737060547
2,0.5,99,0.2549640978322582,1,0,0,2024-11-19,227.03973388671875
2,0.5,100,0.233384507748092,1,0,0,2024-11-20,227.75582885742188
2,0.5,101,0.20753068156473845,1,0,0,2024-11-21,227.2784576416016
2,0.5,102,0.22558405972885875,1,0,0,2024-11-22,228.62109375
2,0.5,103,0.26820413103211477,1,0,1,2024-11-25,231.60479736328125
2,0.5,104,0.22689658478899347,1,0,0,2024-11-26,233.78289794921875
2,0.5,105,0.21335852394315405,1,0,0,2024-11-27,233.6536102294922
2,0.5,106,0.2942951290239618,1,0,0,2024-11-29,236.04058837890625
2,0.5,107,0.28690858497748273,1,0,0,2024-12-02,238.28829956054688
2,0.5,108,0.3234522665291168,1,0,0,2024-12-03,241.3316650390625
2,0.5,109,0.32073174755933104,1,0,0,2024-12-04,241.6897125244141
2,0.5,110,0.3154747752355973,1,0,0,2024-12-05,241.71954345703125
2,0.5,111,0.34352400484467815,1,0,0,2024-12-06,241.5206298828125
2,0.5,112,0.347613046113943,1,0,0,2024-12-09,245.40940856933597
2,0.5,113,0.3126467459537218,1,0,0,2024-12-10,246.42385864257807
2,0.5,114,0.3847711738521836,1,0,0,2024-12-11,245.15081787109372
2,0.5,115,0.3679087728188234,1,0,0,2024-12-12,246.61285400390625
2,0.5,116,0.3727110876689047,1,0,0,2024-12-13,246.78189086914065
2,0.5,117,0.3445217249425386,1,0,0,2024-12-16,249.67608642578125
2,0.5,118,0.3312102144345546,1,0,0,2024-12-17,252.1028289794922
2,0.5,119,0.5312734679389326,1,1,0,2024-12-18,246.70233154296875
3,0.3,0,0.8782311866489895,1,1,0,2024-12-19,248.4328765869141
3,0.3,1,0.8167753924412744,0,1,0,2024-12-20,253.1073760986328
3,0.3,2,0.8244367370365717,0,1,0,2024-12-23,253.88311767578125
3,0.3,3,0.8435057547679827,0,1,0,2024-12-24,256.79718017578125
3,0.3,4,0.852450990826219,0,1,0,2024-12-26,257.6127014160156
3,0.3,5,0.8122121546575568,0,1,0,2024-12-27,254.20138549804688
3,0.3,6,0.781946256565949,0,1,0,2024-12-30,250.82980346679688
3,0.3,7,0.7568096106317681,0,1,0,2024-12-31,249.0594787597656
3,0.3,8,0.7669029920812936,0,1,0,2025-01-02,242.52517700195312
3,0.3,9,0.779479891428785,0,1,0,2025-01-03,242.03782653808597
3,0.3,10,0.7426595210547885,0,1,0,2025-01-06,243.6689300537109
3,0.3,11,0.7808322124804767,0,1,0,2025-01-07,240.8940887451172
3,0.3,12,0.7841240942284744,0,1,0,2025-01-08,241.38140869140625
3,0.3,13,0.8004883294978231,0,1,0,2025-01-10,235.5631866455078
3,0.3,14,0.8281901127575031,0,1,0,2025-01-13,233.12649536132807
3,0.3,15,0.8519133888633219,0,1,0,2025-01-14,232.0125732421875
3,0.3,16,0.7925113335530463,0,1,0,2025-01-15,236.57763671875
3,0.3,17,0.8302773300204976,0,1,0,2025-01-16,227.01986694335935
3,0.3,18,0.8036574407547935,0,1,0,2025-01-17,228.7305145263672
3,0.3,19,0.8056756513100145,1,1,0,2025-01-21,221.43040466308597
3,0.3,20,0.8079585896466192,1,1,0,2025-01-22,222.61392211914065
3,0.3,21,0.7991148340674616,1,1,0,2025-01-23,222.44485473632807
3,0.3,22,0.7876287014367753,1,1,0,2025-01-24,221.5696258544922
3,0.3,23,0.7903970223142811,0,1,0,2025-01-27,228.6111602783203
3,0.3,24,0.7901092789379108,0,1,0,2025-01-28,236.9655303955078
3,0.3,25,0.8057966478628986,0,1,0,2025-01-29,238.0595703125
3,0.3,26,0.7871528879268629,0,1,0,2025-01-30,236.29916381835935
3,0.3,27,0.7457463246704427,0,1,0,2025-01-31,234.71780395507807
3,0.3,28,0.7312129123475472,0,1,0,2025-02-03,226.77120971679688
3,0.3,29,0.7454383307822505,0,1,0,2025-02-04,231.53518676757807
3,0.3,30,0.7523281554314368,1,1,0,2025-02-05,231.20700073242188
3,0.3,31,0.7571796056886342,1,1,0,2025-02-06,231.9529266357422
3,0.3,32,0.7845244984688876,1,1,0,2025-02-07,226.3932647705078
3,0.3,33,0.7741617681032126,1,1,0,2025-02-10,226.6620941162109
3,0.3,34,0.7652570939454229,1,1,0,2025-02-11,231.61053466796875
3,0.3,35,0.7799490806182446,1,1,0,2025-02-12,235.84210205078125
3,0.3,36,0.759247737546851,1,1,0,2025-02-13,240.48187255859372
3,0.3,37,0.8128669456405612,1,1,0,2025-02-14,243.53857421875
3,0.3,38,0.789589839712309,1,1,0,2025-02-18,243.40911865234372
3,0.3,39,0.804200706787302,0,1,0,2025-02-19,243.807373046875
3,0.3,40,0.8139574130555096,0,1,0,2025-02-20,244.76319885253903
3,0.3,41,0.7847681616871006,0,1,1,2025-02-21,244.4844207763672
3,0.3,42,0.8002345699173853,0,1,0,2025-02-24,246.0277099609375
3,0.3,43,0.789147120371193,0,1,0,2025-02-25,245.9679718017578
3,0.3,44,0.7039387354426981,0,1,0,2025-02-26,239.31695556640625
3,0.3,45,0.7694694974159874,0,1,0,2025-02-27,236.27024841308597
3,0.3,46,0.7244154072991482,0,1,0,2025-02-28,240.79052734375
3,0.3,47,0.7381634063001721,0,1,0,2025-03-03,236.9970703125
3,0.3,48,0.7709034325105145,0,1,0,2025-03-04,234.9061737060547
3,0.3,49,0.7461745325924121,0,1,0,2025-03-05,234.7169952392578
3,0.3,50,0.7317776466090163,0,1,0,2025-03-06,234.3087921142578
3,0.3,51,0.7226485277199437,0,1,0,2025-03-07,238.03257751464844
3,0.3,52,0.7695373321890931,0,1,0,2025-03-10,226.4928436279297
3,0.3,53,0.7785917343743143,0,1,0,2025-03-11,219.8816680908203
3,0.3,54,0.8185437524248959,0,1,0,2025-03-12,216.03842163085935
3,0.3,55,0.8303032731132772,1,1,0,2025-03-13,208.77008056640625
3,0.3,56,0.8259376911684351,1,1,0,2025-03-14,212.5635528564453
3,0.3,57,0.8330382890181399,1,1,0,2025-03-17,213.07135009765625
3,0.3,58,0.8277004423668997,1,1,0,2025-03-18,211.76702880859372
3,0.3,59,0.8171486018471341,1,1,0,2025-03-19,214.30596923828125
3,0.3,60,0.825216102828629,1,1,0,2025-03-20,213.17091369628903
3,0.3,61,0.8222314086849863,0,1,0,2025-03-21,217.32281494140625
3,0.3,62,0.8188772027869987,1,1,0,2025-03-24,219.77215576171875
3,0.3,63,0.8242761974908667,0,1,0,2025-03-25,222.77903747558597
3,0.3,64,0.7907234716062982,1,1,0,2025-03-26,220.5686798095703
3,0.3,65,0.7766925901262604,0,1,0,2025-03-27,222.8786163330078
3,0.3,66,0.8010092585714407,0,1,0,2025-03-28,216.9544219970703
3,0.3,67,0.7749746315028435,0,1,0,2025-03-31,221.1660614013672
3,0.3,68,0.7584330694071376,0,1,0,2025-04-01,222.22146606445312
3,0.3,69,0.7605819478766234,0,1,0,2025-04-02,222.91842651367188
3,0.3,70,0.7661582111768128,0,1,0,2025-04-03,202.30825805664065
3,0.3,71,0.7471810143369566,1,1,0,2025-04-04,187.56253051757807
3,0.3,72,0.7512779099451118,1,1,0,2025-04-07,180.6725616455078
3,0.3,73,0.773137585341034,1,1,0,2025-04-08,171.6717987060547
3,0.3,74,0.7140742556425814,0,1,0,2025-04-09,197.98709106445312
3,0.3,75,0.722249138233164,1,1,0,2025-04-10,189.5936584472656
3,0.3,76,0.676765526121393,0,1,0,2025-04-11,197.2901306152344
3,0.3,77,0.5997042041593693,0,1,0,2025-04-14,201.6411590576172
3,0.3,78,0.6028965536774437,1,1,0,2025-04-15,201.2628173828125
3,0.3,79,0.6726498744543391,1,1,0,2025-04-16,193.4269561767578
3,0.3,80,0.6719398088559885,1,1,0,2025-04-17,196.1251983642578
3,0.3,81,0.6952697062054464,1,1,0,2025-04-21,192.32177734375
3,0.3,82,0.6736925071103781,1,1,0,2025-04-22,198.87322998046875
3,0.3,83,0.6311861753452813,1,1,0,2025-04-23,203.71214294433597
3,0.3,84,0.6379336780350034,1,1,0,2025-04-24,207.46575927734372
3,0.3,85,0.6562491768387093,0,1,0,2025-04-25,208.371826171875
3,0.3,86,0.6133589147129084,0,1,0,2025-04-28,209.2281036376953
3,0.3,87,0.6173550465811712,0,1,0,2025-04-29,210.29347229003903
3,0.3,88,0.6187809534025279,0,1,0,2025-04-30,211.57785034179688
3,0.3,89,0.6272814038977313,0,1,0,2025-05-01,212.39431762695312
3,0.3,90,0.5622739802816167,0,1,0,2025-05-02,204.4588928222656
3,0.3,91,0.6531406072694105,1,1,0,2025-05-05,198.02691650390625
3,0.3,92,0.6749431858860431,1,1,0,2025-05-06,197.6485595703125
3,0.3,93,0.6844743540110698,1,1,0,2025-05-07,195.39837646484372
3,0.3,94,0.6762928628758121,1,1,0,2025-05-08,196.63299560546875
3,0.3,95,0.6777747455629162,1,1,0,2025-05-09,197.66848754882807
3,0.3,96,0.6247743712413661,0,1,0,2025-05-12,210.1504821777344
3,0.3,97,0.6362876180919882,0,1,0,2025-05-13,212.28399658203125
3,0.3,98,0.6351881211036564,0,1,0,2025-05-14,211.68582153320312
3,0.3,99,0.6568022883216188,0,1,0,2025-05-15,210.8085021972656
3,0.3,100,0.6492805327905959,0,1,0,2025-05-16,210.61907958984372
3,0.3,101,0.6346619124202096,0,1,0,2025-05-19,208.14659118652344
3,0.3,102,0.6077150372599456,0,1,0,2025-05-20,206.232421875
3,0.3,103,0.646544414416706,0,1,0,2025-05-21,201.47689819335935
3,0.3,104,0.6401805849459867,0,1,0,2025-05-22,200.7491149902344
3,0.3,105,0.7019666571032356,1,1,0,2025-05-23,194.6775665283203
3,0.3,106,0.6249905538987353,1,1,0,2025-05-27,199.60260009765625
3,0.3,107,0.5893441043368105,1,1,0,2025-05-28,199.8119659423828
3,0.3,108,0.595383649782571,1,1,0,2025-05-29,199.34336853027344
3,0.3,109,0.562702722376273,1,1,0,2025-05-30,200.24066162109372
3,0.3,110,0.580924383744156,0,1,0,2025-06-02,201.08807373046875
3,0.3,111,0.5547570677494073,0,1,0,2025-06-03,202.6533203125
3,0.3,112,0.5373475803701119,0,1,0,2025-06-04,202.2046813964844
3,0.3,113,0.5144551499399106,0,1,0,2025-06-05,200.0213165283203
3,0.3,114,0.5485090722084055,0,1,0,2025-06-06,203.30133056640625
3,0.3,115,0.49068105079772323,0,1,0,2025-06-09,200.8388214111328
3,0.3,116,0.5296083860231621,0,1,0,2025-06-10,202.0551300048828
3,0.3,117,0.6134316749112747,0,1,0,2025-06-11,198.1769256591797
3,0.3,118,0.5836842880289815,1,1,0,2025-06-12,198.5956573486328
3,0.3,119,0.7055873495391408,1,1,0,2025-06-13,195.85400390625
3,0.35,0,0.8782311866489895,1,1,0,2024-12-19,248.4328765869141
3,0.35,1,0.8167753924412744,0,1,0,2024-12-20,253.1073760986328
3,0.35,2,0.8244367370365717,0,1,0,2024-12-23,253.88311767578125
3,0.35,3,0.8435057547679827,0,1,0,2024-12-24,256.79718017578125
3,0.35,4,0.852450990826219,0,1,0,2024-12-26,257.6127014160156
3,0.35,5,0.8122121546575568,0,1,0,2024-12-27,254.20138549804688
3,0.35,6,0.781946256565949,0,1,0,2024-12-30,250.82980346679688
3,0.35,7,0.7568096106317681,0,1,0,2024-12-31,249.0594787597656
3,0.35,8,0.7669029920812936,0,1,0,2025-01-02,242.52517700195312
3,0.35,9,0.779479891428785,0,1,0,2025-01-03,242.03782653808597
3,0.35,10,0.7426595210547885,0,1,0,2025-01-06,243.6689300537109
3,0.35,11,0.7808322124804767,0,1,0,2025-01-07,240.8940887451172
3,0.35,12,0.7841240942284744,0,1,0,2025-01-08,241.38140869140625
3,0.35,13,0.8004883294978231,0,1,0,2025-01-10,235.5631866455078
3,0.35,14,0.8281901127575031,0,1,0,2025-01-13,233.12649536132807
3,0.35,15,0.8519133888633219,0,1,0,2025-01-14,232.0125732421875
3,0.35,16,0.7925113335530463,0,1,0,2025-01-15,236.57763671875
3,0.35,17,0.8302773300204976,0,1,0,2025-01-16,227.01986694335935
3,0.35,18,0.8036574407547935,0,1,0,2025-01-17,228.7305145263672
3,0.35,19,0.8056756513100145,1,1,0,2025-01-21,221.43040466308597
3,0.35,20,0.8079585896466192,1,1,0,2025-01-22,222.61392211914065
3,0.35,21,0.7991148340674616,1,1,0,2025-01-23,222.44485473632807
3,0.35,22,0.7876287014367753,1,1,0,2025-01-24,221.5696258544922
3,0.35,23,0.7903970223142811,0,1,0,2025-01-27,228.6111602783203
3,0.35,24,0.7901092789379108,0,1,0,2025-01-28,236.9655303955078
3,0.35,25,0.8057966478628986,0,1,0,2025-01-29,238.0595703125
3,0.35,26,0.7871528879268629,0,1,0,2025-01-30,236.29916381835935
3,0.35,27,0.7457463246704427,0,1,0,2025-01-31,234.71780395507807
3,0.35,28,0.7312129123475472,0,1,0,2025-02-03,226.77120971679688
3,0.35,29,0.7454383307822505,0,1,0,2025-02-04,231.53518676757807
3,0.35,30,0.7523281554314368,1,1,0,2025-02-05,231.20700073242188
3,0.35,31,0.7571796056886342,1,1,0,2025-02-06,231.9529266357422
3,0.35,32,0.7845244984688876,1,1,0,2025-02-07,226.3932647705078
3,0.35,33,0.7741617681032126,1,1,0,2025-02-10,226.6620941162109
3,0.35,34,0.7652570939454229,1,1,0,2025-02-11,231.61053466796875
3,0.35,35,0.7799490806182446,1,1,0,2025-02-12,235.84210205078125
3,0.35,36,0.759247737546851,1,1,0,2025-02-13,240.48187255859372
3,0.35,37,0.8128669456405612,1,1,0,2025-02-14,243.53857421875
3,0.35,38,0.789589839712309,1,1,0,2025-02-18,243.40911865234372
3,0.35,39,0.804200706787302,0,1,0,2025-02-19,243.807373046875
3,0.35,40,0.8139574130555096,0,1,0,2025-02-20,244.76319885253903
3,0.35,41,0.7847681616871006,0,1,1,2025-02-21,244.4844207763672
3,0.35,42,0.8002345699173853,0,1,0,2025-02-24,246.0277099609375
3,0.35,43,0.789147120371193,0,1,0,2025-02-25,245.9679718017578
3,0.35,44,0.7039387354426981,0,1,0,2025-02-26,239.31695556640625
3,0.35,45,0.7694694974159874,0,1,0,2025-02-27,236.27024841308597
3,0.35,46,0.7244154072991482,0,1,0,2025-02-28,240.79052734375
3,0.35,47,0.7381634063001721,0,1,0,2025-03-03,236.9970703125
3,0.35,48,0.7709034325105145,0,1,0,2025-03-04,234.9061737060547
3,0.35,49,0.7461745325924121,0,1,0,2025-03-05,234.7169952392578
3,0.35,50,0.7317776466090163,0,1,0,2025-03-06,234.3087921142578
3,0.35,51,0.7226485277199437,0,1,0,2025-03-07,238.03257751464844
3,0.35,52,0.7695373321890931,0,1,0,2025-03-10,226.4928436279297
3,0.35,53,0.7785917343743143,0,1,0,2025-03-11,219.8816680908203
3,0.35,54,0.8185437524248959,0,1,0,2025-03-12,216.03842163085935
3,0.35,55,0.8303032731132772,1,1,0,2025-03-13,208.77008056640625
3,0.35,56,0.8259376911684351,1,1,0,2025-03-14,212.5635528564453
3,0.35,57,0.8330382890181399,1,1,0,2025-03-17,213.07135009765625
3,0.35,58,0.8277004423668997,1,1,0,2025-03-18,211.76702880859372
3,0.35,59,0.8171486018471341,1,1,0,2025-03-19,214.30596923828125
3,0.35,60,0.825216102828629,1,1,0,2025-03-20,213.17091369628903
3,0.35,61,0.8222314086849863,0,1,0,2025-03-21,217.32281494140625
3,0.35,62,0.8188772027869987,1,1,0,2025-03-24,219.77215576171875
3,0.35,63,0.8242761974908667,0,1,0,2025-03-25,222.77903747558597
3,0.35,64,0.7907234716062982,1,1,0,2025-03-26,220.5686798095703
3,0.35,65,0.7766925901262604,0,1,0,2025-03-27,222.8786163330078
3,0.35,66,0.8010092585714407,0,1,0,2025-03-28,216.9544219970703
3,0.35,67,0.7749746315028435,0,1,0,2025-03-31,221.1660614013672
3,0.35,68,0.7584330694071376,0,1,0,2025-04-01,222.22146606445312
3,0.35,69,0.7605819478766234,0,1,0,2025-04-02,222.91842651367188
3,0.35,70,0.7661582111768128,0,1,0,2025-04-03,202.30825805664065
3,0.35,71,0.7471810143369566,1,1,0,2025-04-04,187.56253051757807
3,0.35,72,0.7512779099451118,1,1,0,2025-04-07,180.6725616455078
3,0.35,73,0.773137585341034,1,1,0,2025-04-08,171.6717987060547
3,0.35,74,0.7140742556425814,0,1,0,2025-04-09,197.98709106445312
3,0.35,75,0.722249138233164,1,1,0,2025-04-10,189.5936584472656
3,0.35,76,0.676765526121393,0,1,0,2025-04-11,197.2901306152344
3,0.35,77,0.5997042041593693,0,1,0,2025-04-14,201.6411590576172
3,0.35,78,0.6028965536774437,1,1,0,2025-04-15,201.2628173828125
3,0.35,79,0.6726498744543391,1,1,0,2025-04-16,193.4269561767578
3,0.35,80,0.6719398088559885,1,1,0,2025-04-17,196.1251983642578
3,0.35,81,0.6952697062054464,1,1,0,2025-04-21,192.32177734375
3,0.35,82,0.6736925071103781,1,1,0,2025-04-22,198.87322998046875
3,0.35,83,0.6311861753452813,1,1,0,2025-04-23,203.71214294433597
3,0.35,84,0.6379336780350034,1,1,0,2025-04-24,207.46575927734372
3,0.35,85,0.6562491768387093,0,1,0,2025-04-25,208.371826171875
3,0.35,86,0.6133589147129084,0,1,0,2025-04-28,209.2281036376953
3,0.35,87,0.6173550465811712,0,1,0,2025-04-29,210.29347229003903
3,0.35,88,0.6187809534025279,0,1,0,2025-04-30,211.57785034179688
3,0.35,89,0.6272814038977313,0,1,0,2025-05-01,212.39431762695312
3,0.35,90,0.5622739802816167,0,1,0,2025-05-02,204.4588928222656
3,0.35,91,0.6531406072694105,1,1,0,2025-05-05,198.02691650390625
3,0.35,92,0.6749431858860431,1,1,0,2025-05-06,197.6485595703125
3,0.35,93,0.6844743540110698,1,1,0,2025-05-07,195.39837646484372
3,0.35,94,0.6762928628758121,1,1,0,2025-05-08,196.63299560546875
3,0.35,95,0.6777747455629162,1,1,0,2025-05-09,197.66848754882807
3,0.35,96,0.6247743712413661,0,1,0,2025-05-12,210.1504821777344
3,0.35,97,0.6362876180919882,0,1,0,2025-05-13,212.28399658203125
3,0.35,98,0.6351881211036564,0,1,0,2025-05-14,211.68582153320312
3,0.35,99,0.6568022883216188,0,1,0,2025-05-15,210.8085021972656
3,0.35,100,0.6492805327905959,0,1,0,2025-05-16,210.61907958984372
3,0.35,101,0.6346619124202096,0,1,0,2025-05-19,208.14659118652344
3,0.35,102,0.6077150372599456,0,1,0,2025-05-20,206.232421875
3,0.35,103,0.646544414416706,0,1,0,2025-05-21,201.47689819335935
3,0.35,104,0.6401805849459867,0,1,0,2025-05-22,200.7491149902344
3,0.35,105,0.7019666571032356,1,1,0,2025-05-23,194.6775665283203
3,0.35,106,0.6249905538987353,1,1,0,2025-05-27,199.60260009765625
3,0.35,107,0.5893441043368105,1,1,0,2025-05-28,199.8119659423828
3,0.35,108,0.595383649782571,1,1,0,2025-05-29,199.34336853027344
3,0.35,109,0.562702722376273,1,1,0,2025-05-30,200.24066162109372
3,0.35,110,0.580924383744156,0,1,0,2025-06-02,201.08807373046875
3,0.35,111,0.5547570677494073,0,1,0,2025-06-03,202.6533203125
3,0.35,112,0.5373475803701119,0,1,0,2025-06-04,202.2046813964844
3,0.35,113,0.5144551499399106,0,1,0,2025-06-05,200.0213165283203
3,0.35,114,0.5485090722084055,0,1,0,2025-06-06,203.30133056640625
3,0.35,115,0.49068105079772323,0,1,0,2025-06-09,200.8388214111328
3,0.35,116,0.5296083860231621,0,1,0,2025-06-10,202.0551300048828
3,0.35,117,0.6134316749112747,0,1,0,2025-06-11,198.1769256591797
3,0.35,118,0.5836842880289815,1,1,0,2025-06-12,198.5956573486328
3,0.35,119,0.7055873495391408,1,1,0,2025-06-13,195.85400390625
3,0.4,0,0.8782311866489895,1,1,0,2024-12-19,248.4328765869141
3,0.4,1,0.8167753924412744,0,1,0,2024-12-20,253.1073760986328
3,0.4,2,0.8244367370365717,0,1,0,2024-12-23,253.88311767578125
3,0.4,3,0.8435057547679827,0,1,0,2024-12-24,256.79718017578125
3,0.4,4,0.852450990826219,0,1,0,2024-12-26,257.6127014160156
3,0.4,5,0.8122121546575568,0,1,0,2024-12-27,254.20138549804688
3,0.4,6,0.781946256565949,0,1,0,2024-12-30,250.82980346679688
3,0.4,7,0.7568096106317681,0,1,0,2024-12-31,249.0594787597656
3,0.4,8,0.7669029920812936,0,1,0,2025-01-02,242.52517700195312
3,0.4,9,0.779479891428785,0,1,0,2025-01-03,242.03782653808597
3,0.4,10,0.7426595210547885,0,1,0,2025-01-06,243.6689300537109
3,0.4,11,0.7808322124804767,0,1,0,2025-01-07,240.8940887451172
3,0.4,12,0.7841240942284744,0,1,0,2025-01-08,241.38140869140625
3,0.4,13,0.8004883294978231,0,1,0,2025-01-10,235.5631866455078
3,0.4,14,0.8281901127575031,0,1,0,2025-01-13,233.12649536132807
3,0.4,15,0.8519133888633219,0,1,0,2025-01-14,232.0125732421875
3,0.4,16,0.7925113335530463,0,1,0,2025-01-15,236.57763671875
3,0.4,17,0.8302773300204976,0,1,0,2025-01-16,227.01986694335935
3,0.4,18,0.8036574407547935,0,1,0,2025-01-17,228.7305145263672
3,0.4,19,0.8056756513100145,1,1,0,2025-01-21,221.43040466308597
3,0.4,20,0.8079585896466192,1,1,0,2025-01-22,222.61392211914065
3,0.4,21,0.7991148340674616,1,1,0,2025-01-23,222.44485473632807
3,0.4,22,0.7876287014367753,1,1,0,2025-01-24,221.5696258544922
3,0.4,23,0.7903970223142811,0,1,0,2025-01-27,228.6111602783203
3,0.4,24,0.7901092789379108,0,1,0,2025-01-28,236.9655303955078
3,0.4,25,0.8057966478628986,0,1,0,2025-01-29,238.0595703125
3,0.4,26,0.7871528879268629,0,1,0,2025-01-30,236.29916381835935
3,0.4,27,0.7457463246704427,0,1,0,2025-01-31,234.71780395507807
3,0.4,28,0.7312129123475472,0,1,0,2025-02-03,226.77120971679688
3,0.4,29,0.7454383307822505,0,1,0,2025-02-04,231.53518676757807
3,0.4,30,0.7523281554314368,1,1,0,2025-02-05,231.20700073242188
3,0.4,31,0.7571796056886342,1,1,0,2025-02-06,231.9529266357422
3,0.4,32,0.7845244984688876,1,1,0,2025-02-07,226.3932647705078
3,0.4,33,0.7741617681032126,1,1,0,2025-02-10,226.6620941162109
3,0.4,34,0.7652570939454229,1,1,0,2025-02-11,231.61053466796875
3,0.4,35,0.7799490806182446,1,1,0,2025-02-12,235.84210205078125
3,0.4,36,0.759247737546851,1,1,0,2025-02-13,240.48187255859372
3,0.4,37,0.8128669456405612,1,1,0,2025-02-14,243.53857421875
3,0.4,38,0.789589839712309,1,1,0,2025-02-18,243.40911865234372
3,0.4,39,0.804200706787302,0,1,0,2025-02-19,243.807373046875
3,0.4,40,0.8139574130555096,0,1,0,2025-02-20,244.76319885253903
3,0.4,41,0.7847681616871006,0,1,1,2025-02-21,244.4844207763672
3,0.4,42,0.8002345699173853,0,1,0,2025-02-24,246.0277099609375
3,0.4,43,0.789147120371193,0,1,0,2025-02-25,245.9679718017578
3,0.4,44,0.7039387354426981,0,1,0,2025-02-26,239.31695556640625
3,0.4,45,0.7694694974159874,0,1,0,2025-02-27,236.27024841308597
3,0.4,46,0.7244154072991482,0,1,0,2025-02-28,240.79052734375
3,0.4,47,0.7381634063001721,0,1,0,2025-03-03,236.9970703125
3,0.4,48,0.7709034325105145,0,1,0,2025-03-04,234.9061737060547
3,0.4,49,0.7461745325924121,0,1,0,2025-03-05,234.7169952392578
3,0.4,50,0.7317776466090163,0,1,0,2025-03-06,234.3087921142578
3,0.4,51,0.7226485277199437,0,1,0,2025-03-07,238.03257751464844
3,0.4,52,0.7695373321890931,0,1,0,2025-03-10,226.4928436279297
3,0.4,53,0.7785917343743143,0,1,0,2025-03-11,219.8816680908203
3,0.4,54,0.8185437524248959,0,1,0,2025-03-12,216.03842163085935
3,0.4,55,0.8303032731132772,1,1,0,2025-03-13,208.77008056640625
3,0.4,56,0.8259376911684351,1,1,0,2025-03-14,212.5635528564453
3,0.4,57,0.8330382890181399,1,1,0,2025-03-17,213.07135009765625
3,0.4,58,0.8277004423668997,1,1,0,2025-03-18,211.76702880859372
3,0.4,59,0.8171486018471341,1,1,0,2025-03-19,214.30596923828125
3,0.4,60,0.825216102828629,1,1,0,2025-03-20,213.17091369628903
3,0.4,61,0.8222314086849863,0,1,0,2025-03-21,217.32281494140625
3,0.4,62,0.8188772027869987,1,1,0,2025-03-24,219.77215576171875
3,0.4,63,0.8242761974908667,0,1,0,2025-03-25,222.77903747558597
3,0.4,64,0.7907234716062982,1,1,0,2025-03-26,220.5686798095703
3,0.4,65,0.7766925901262604,0,1,0,2025-03-27,222.8786163330078
3,0.4,66,0.8010092585714407,0,1,0,2025-03-28,216.9544219970703
3,0.4,67,0.7749746315028435,0,1,0,2025-03-31,221.1660614013672
3,0.4,68,0.7584330694071376,0,1,0,2025-04-01,222.22146606445312
3,0.4,69,0.7605819478766234,0,1,0,2025-04-02,222.91842651367188
3,0.4,70,0.7661582111768128,0,1,0,2025-04-03,202.30825805664065
3,0.4,71,0.7471810143369566,1,1,0,2025-04-04,187.56253051757807
3,0.4,72,0.7512779099451118,1,1,0,2025-04-07,180.6725616455078
3,0.4,73,0.773137585341034,1,1,0,2025-04-08,171.6717987060547
3,0.4,74,0.7140742556425814,0,1,0,2025-04-09,197.98709106445312
3,0.4,75,0.722249138233164,1,1,0,2025-04-10,189.5936584472656
3,0.4,76,0.676765526121393,0,1,0,2025-04-11,197.2901306152344
3,0.4,77,0.5997042041593693,0,1,0,2025-04-14,201.6411590576172
3,0.4,78,0.6028965536774437,1,1,0,2025-04-15,201.2628173828125
3,0.4,79,0.6726498744543391,1,1,0,2025-04-16,193.4269561767578
3,0.4,80,0.6719398088559885,1,1,0,2025-04-17,196.1251983642578
3,0.4,81,0.6952697062054464,1,1,0,2025-04-21,192.32177734375
3,0.4,82,0.6736925071103781,1,1,0,2025-04-22,198.87322998046875
3,0.4,83,0.6311861753452813,1,1,0,2025-04-23,203.71214294433597
3,0.4,84,0.6379336780350034,1,1,0,2025-04-24,207.46575927734372
3,0.4,85,0.6562491768387093,0,1,0,2025-04-25,208.371826171875
3,0.4,86,0.6133589147129084,0,1,0,2025-04-28,209.2281036376953
3,0.4,87,0.6173550465811712,0,1,0,2025-04-29,210.29347229003903
3,0.4,88,0.6187809534025279,0,1,0,2025-04-30,211.57785034179688
3,0.4,89,0.6272814038977313,0,1,0,2025-05-01,212.39431762695312
3,0.4,90,0.5622739802816167,0,1,0,2025-05-02,204.4588928222656
3,0.4,91,0.6531406072694105,1,1,0,2025-05-05,198.02691650390625
3,0.4,92,0.6749431858860431,1,1,0,2025-05-06,197.6485595703125
3,0.4,93,0.6844743540110698,1,1,0,2025-05-07,195.39837646484372
3,0.4,94,0.6762928628758121,1,1,0,2025-05-08,196.63299560546875
3,0.4,95,0.6777747455629162,1,1,0,2025-05-09,197.66848754882807
3,0.4,96,0.6247743712413661,0,1,0,2025-05-12,210.1504821777344
3,0.4,97,0.6362876180919882,0,1,0,2025-05-13,212.28399658203125
3,0.4,98,0.6351881211036564,0,1,0,2025-05-14,211.68582153320312
3,0.4,99,0.6568022883216188,0,1,0,2025-05-15,210.8085021972656
3,0.4,100,0.6492805327905959,0,1,0,2025-05-16,210.61907958984372
3,0.4,101,0.6346619124202096,0,1,0,2025-05-19,208.14659118652344
3,0.4,102,0.6077150372599456,0,1,0,2025-05-20,206.232421875
3,0.4,103,0.646544414416706,0,1,0,2025-05-21,201.47689819335935
3,0.4,104,0.6401805849459867,0,1,0,2025-05-22,200.7491149902344
3,0.4,105,0.7019666571032356,1,1,0,2025-05-23,194.6775665283203
3,0.4,106,0.6249905538987353,1,1,0,2025-05-27,199.60260009765625
3,0.4,107,0.5893441043368105,1,1,0,2025-05-28,199.8119659423828
3,0.4,108,0.595383649782571,1,1,0,2025-05-29,199.34336853027344
3,0.4,109,0.562702722376273,1,1,0,2025-05-30,200.24066162109372
3,0.4,110,0.580924383744156,0,1,0,2025-06-02,201.08807373046875
3,0.4,111,0.5547570677494073,0,1,0,2025-06-03,202.6533203125
3,0.4,112,0.5373475803701119,0,1,0,2025-06-04,202.2046813964844
3,0.4,113,0.5144551499399106,0,1,0,2025-06-05,200.0213165283203
3,0.4,114,0.5485090722084055,0,1,0,2025-06-06,203.30133056640625
3,0.4,115,0.49068105079772323,0,1,0,2025-06-09,200.8388214111328
3,0.4,116,0.5296083860231621,0,1,0,2025-06-10,202.0551300048828
3,0.4,117,0.6134316749112747,0,1,0,2025-06-11,198.1769256591797
3,0.4,118,0.5836842880289815,1,1,0,2025-06-12,198.5956573486328
3,0.4,119,0.7055873495391408,1,1,0,2025-06-13,195.85400390625
3,0.45,0,0.8782311866489895,1,1,0,2024-12-19,248.4328765869141
3,0.45,1,0.8167753924412744,0,1,0,2024-12-20,253.1073760986328
3,0.45,2,0.8244367370365717,0,1,0,2024-12-23,253.88311767578125
3,0.45,3,0.8435057547679827,0,1,0,2024-12-24,256.79718017578125
3,0.45,4,0.852450990826219,0,1,0,2024-12-26,257.6127014160156
3,0.45,5,0.8122121546575568,0,1,0,2024-12-27,254.20138549804688
3,0.45,6,0.781946256565949,0,1,0,2024-12-30,250.82980346679688
3,0.45,7,0.7568096106317681,0,1,0,2024-12-31,249.0594787597656
3,0.45,8,0.7669029920812936,0,1,0,2025-01-02,242.52517700195312
3,0.45,9,0.779479891428785,0,1,0,2025-01-03,242.03782653808597
3,0.45,10,0.7426595210547885,0,1,0,2025-01-06,243.6689300537109
3,0.45,11,0.7808322124804767,0,1,0,2025-01-07,240.8940887451172
3,0.45,12,0.7841240942284744,0,1,0,2025-01-08,241.38140869140625
3,0.45,13,0.8004883294978231,0,1,0,2025-01-10,235.5631866455078
3,0.45,14,0.8281901127575031,0,1,0,2025-01-13,233.12649536132807
3,0.45,15,0.8519133888633219,0,1,0,2025-01-14,232.0125732421875
3,0.45,16,0.7925113335530463,0,1,0,2025-01-15,236.57763671875
3,0.45,17,0.8302773300204976,0,1,0,2025-01-16,227.01986694335935
3,0.45,18,0.8036574407547935,0,1,0,2025-01-17,228.7305145263672
3,0.45,19,0.8056756513100145,1,1,0,2025-01-21,221.43040466308597
3,0.45,20,0.8079585896466192,1,1,0,2025-01-22,222.61392211914065
3,0.45,21,0.7991148340674616,1,1,0,2025-01-23,222.44485473632807
3,0.45,22,0.7876287014367753,1,1,0,2025-01-24,221.5696258544922
3,0.45,23,0.7903970223142811,0,1,0,2025-01-27,228.6111602783203
3,0.45,24,0.7901092789379108,0,1,0,2025-01-28,236.9655303955078
3,0.45,25,0.8057966478628986,0,1,0,2025-01-29,238.0595703125
3,0.45,26,0.7871528879268629,0,1,0,2025-01-30,236.29916381835935
3,0.45,27,0.7457463246704427,0,1,0,2025-01-31,234.71780395507807
3,0.45,28,0.7312129123475472,0,1,0,2025-02-03,226.77120971679688
3,0.45,29,0.7454383307822505,0,1,0,2025-02-04,231.53518676757807
3,0.45,30,0.7523281554314368,1,1,0,2025-02-05,231.20700073242188
3,0.45,31,0.7571796056886342,1,1,0,2025-02-06,231.9529266357422
3,0.45,32,0.7845244984688876,1,1,0,2025-02-07,226.3932647705078
3,0.45,33,0.7741617681032126,1,1,0,2025-02-10,226.6620941162109
3,0.45,34,0.7652570939454229,1,1,0,2025-02-11,231.61053466796875
3,0.45,35,0.7799490806182446,1,1,0,2025-02-12,235.84210205078125
3,0.45,36,0.759247737546851,1,1,0,2025-02-13,240.48187255859372
3,0.45,37,0.8128669456405612,1,1,0,2025-02-14,243.53857421875
3,0.45,38,0.789589839712309,1,1,0,2025-02-18,243.40911865234372
3,0.45,39,0.804200706787302,0,1,0,2025-02-19,243.807373046875
3,0.45,40,0.8139574130555096,0,1,0,2025-02-20,244.76319885253903
3,0.45,41,0.7847681616871006,0,1,1,2025-02-21,244.4844207763672
3,0.45,42,0.8002345699173853,0,1,0,2025-02-24,246.0277099609375
3,0.45,43,0.789147120371193,0,1,0,2025-02-25,245.9679718017578
3,0.45,44,0.7039387354426981,0,1,0,2025-02-26,239.31695556640625
3,0.45,45,0.7694694974159874,0,1,0,2025-02-27,236.27024841308597
3,0.45,46,0.7244154072991482,0,1,0,2025-02-28,240.79052734375
3,0.45,47,0.7381634063001721,0,1,0,2025-03-03,236.9970703125
3,0.45,48,0.7709034325105145,0,1,0,2025-03-04,234.9061737060547
3,0.45,49,0.7461745325924121,0,1,0,2025-03-05,234.7169952392578
3,0.45,50,0.7317776466090163,0,1,0,2025-03-06,234.3087921142578
3,0.45,51,0.7226485277199437,0,1,0,2025-03-07,238.03257751464844
3,0.45,52,0.7695373321890931,0,1,0,2025-03-10,226.4928436279297
3,0.45,53,0.7785917343743143,0,1,0,2025-03-11,219.8816680908203
3,0.45,54,0.8185437524248959,0,1,0,2025-03-12,216.03842163085935
3,0.45,55,0.8303032731132772,1,1,0,2025-03-13,208.77008056640625
3,0.45,56,0.8259376911684351,1,1,0,2025-03-14,212.5635528564453
3,0.45,57,0.8330382890181399,1,1,0,2025-03-17,213.07135009765625
3,0.45,58,0.8277004423668997,1,1,0,2025-03-18,211.76702880859372
3,0.45,59,0.8171486018471341,1,1,0,2025-03-19,214.30596923828125
3,0.45,60,0.825216102828629,1,1,0,2025-03-20,213.17091369628903
3,0.45,61,0.8222314086849863,0,1,0,2025-03-21,217.32281494140625
3,0.45,62,0.8188772027869987,1,1,0,2025-03-24,219.77215576171875
3,0.45,63,0.8242761974908667,0,1,0,2025-03-25,222.77903747558597
3,0.45,64,0.7907234716062982,1,1,0,2025-03-26,220.5686798095703
3,0.45,65,0.7766925901262604,0,1,0,2025-03-27,222.8786163330078
3,0.45,66,0.8010092585714407,0,1,0,2025-03-28,216.9544219970703
3,0.45,67,0.7749746315028435,0,1,0,2025-03-31,221.1660614013672
3,0.45,68,0.7584330694071376,0,1,0,2025-04-01,222.22146606445312
3,0.45,69,0.7605819478766234,0,1,0,2025-04-02,222.91842651367188
3,0.45,70,0.7661582111768128,0,1,0,2025-04-03,202.30825805664065
3,0.45,71,0.7471810143369566,1,1,0,2025-04-04,187.56253051757807
3,0.45,72,0.7512779099451118,1,1,0,2025-04-07,180.6725616455078
3,0.45,73,0.773137585341034,1,1,0,2025-04-08,171.6717987060547
3,0.45,74,0.7140742556425814,0,1,0,2025-04-09,197.98709106445312
3,0.45,75,0.722249138233164,1,1,0,2025-04-10,189.5936584472656
3,0.45,76,0.676765526121393,0,1,0,2025-04-11,197.2901306152344
3,0.45,77,0.5997042041593693,0,1,0,2025-04-14,201.6411590576172
3,0.45,78,0.6028965536774437,1,1,0,2025-04-15,201.2628173828125
3,0.45,79,0.6726498744543391,1,1,0,2025-04-16,193.4269561767578
3,0.45,80,0.6719398088559885,1,1,0,2025-04-17,196.1251983642578
3,0.45,81,0.6952697062054464,1,1,0,2025-04-21,192.32177734375
3,0.45,82,0.6736925071103781,1,1,0,2025-04-22,198.87322998046875
3,0.45,83,0.6311861753452813,1,1,0,2025-04-23,203.71214294433597
3,0.45,84,0.6379336780350034,1,1,0,2025-04-24,207.46575927734372
3,0.45,85,0.6562491768387093,0,1,0,2025-04-25,208.371826171875
3,0.45,86,0.6133589147129084,0,1,0,2025-04-28,209.2281036376953
3,0.45,87,0.6173550465811712,0,1,0,2025-04-29,210.29347229003903
3,0.45,88,0.6187809534025279,0,1,0,2025-04-30,211.57785034179688
3,0.45,89,0.6272814038977313,0,1,0,2025-05-01,212.39431762695312
3,0.45,90,0.5622739802816167,0,1,0,2025-05-02,204.4588928222656
3,0.45,91,0.6531406072694105,1,1,0,2025-05-05,198.02691650390625
3,0.45,92,0.6749431858860431,1,1,0,2025-05-06,197.6485595703125
3,0.45,93,0.6844743540110698,1,1,0,2025-05-07,195.39837646484372
3,0.45,94,0.6762928628758121,1,1,0,2025-05-08,196.63299560546875
3,0.45,95,0.6777747455629162,1,1,0,2025-05-09,197.66848754882807
3,0.45,96,0.6247743712413661,0,1,0,2025-05-12,210.1504821777344
3,0.45,97,0.6362876180919882,0,1,0,2025-05-13,212.28399658203125
3,0.45,98,0.6351881211036564,0,1,0,2025-05-14,211.68582153320312
3,0.45,99,0.6568022883216188,0,1,0,2025-05-15,210.8085021972656
3,0.45,100,0.6492805327905959,0,1,0,2025-05-16,210.61907958984372
3,0.45,101,0.6346619124202096,0,1,0,2025-05-19,208.14659118652344
3,0.45,102,0.6077150372599456,0,1,0,2025-05-20,206.232421875
3,0.45,103,0.646544414416706,0,1,0,2025-05-21,201.47689819335935
3,0.45,104,0.6401805849459867,0,1,0,2025-05-22,200.7491149902344
3,0.45,105,0.7019666571032356,1,1,0,2025-05-23,194.6775665283203
3,0.45,106,0.6249905538987353,1,1,0,2025-05-27,199.60260009765625
3,0.45,107,0.5893441043368105,1,1,0,2025-05-28,199.8119659423828
3,0.45,108,0.595383649782571,1,1,0,2025-05-29,199.34336853027344
3,0.45,109,0.562702722376273,1,1,0,2025-05-30,200.24066162109372
3,0.45,110,0.580924383744156,0,1,0,2025-06-02,201.08807373046875
3,0.45,111,0.5547570677494073,0,1,0,2025-06-03,202.6533203125
3,0.45,112,0.5373475803701119,0,1,0,2025-06-04,202.2046813964844
3,0.45,113,0.5144551499399106,0,1,0,2025-06-05,200.0213165283203
3,0.45,114,0.5485090722084055,0,1,0,2025-06-06,203.30133056640625
3,0.45,115,0.49068105079772323,0,1,0,2025-06-09,200.8388214111328
3,0.45,116,0.5296083860231621,0,1,0,2025-06-10,202.0551300048828
3,0.45,117,0.6134316749112747,0,1,0,2025-06-11,198.1769256591797
3,0.45,118,0.5836842880289815,1,1,0,2025-06-12,198.5956573486328
3,0.45,119,0.7055873495391408,1,1,0,2025-06-13,195.85400390625
3,0.5,0,0.8782311866489895,1,1,0,2024-12-19,248.4328765869141
3,0.5,1,0.8167753924412744,0,1,0,2024-12-20,253.1073760986328
3,0.5,2,0.8244367370365717,0,1,0,2024-12-23,253.88311767578125
3,0.5,3,0.8435057547679827,0,1,0,2024-12-24,256.79718017578125
3,0.5,4,0.852450990826219,0,1,0,2024-12-26,257.6127014160156
3,0.5,5,0.8122121546575568,0,1,0,2024-12-27,254.20138549804688
3,0.5,6,0.781946256565949,0,1,0,2024-12-30,250.82980346679688
3,0.5,7,0.7568096106317681,0,1,0,2024-12-31,249.0594787597656
3,0.5,8,0.7669029920812936,0,1,0,2025-01-02,242.52517700195312
3,0.5,9,0.779479891428785,0,1,0,2025-01-03,242.03782653808597
3,0.5,10,0.7426595210547885,0,1,0,2025-01-06,243.6689300537109
3,0.5,11,0.7808322124804767,0,1,0,2025-01-07,240.8940887451172
3,0.5,12,0.7841240942284744,0,1,0,2025-01-08,241.38140869140625
3,0.5,13,0.8004883294978231,0,1,0,2025-01-10,235.5631866455078
3,0.5,14,0.8281901127575031,0,1,0,2025-01-13,233.12649536132807
3,0.5,15,0.8519133888633219,0,1,0,2025-01-14,232.0125732421875
3,0.5,16,0.7925113335530463,0,1,0,2025-01-15,236.57763671875
3,0.5,17,0.8302773300204976,0,1,0,2025-01-16,227.01986694335935
3,0.5,18,0.8036574407547935,0,1,0,2025-01-17,228.7305145263672
3,0.5,19,0.8056756513100145,1,1,0,2025-01-21,221.43040466308597
3,0.5,20,0.8079585896466192,1,1,0,2025-01-22,222.61392211914065
3,0.5,21,0.7991148340674616,1,1,0,2025-01-23,222.44485473632807
3,0.5,22,0.7876287014367753,1,1,0,2025-01-24,221.5696258544922
3,0.5,23,0.7903970223142811,0,1,0,2025-01-27,228.6111602783203
3,0.5,24,0.7901092789379108,0,1,0,2025-01-28,236.9655303955078
3,0.5,25,0.8057966478628986,0,1,0,2025-01-29,238.0595703125
3,0.5,26,0.7871528879268629,0,1,0,2025-01-30,236.29916381835935
3,0.5,27,0.7457463246704427,0,1,0,2025-01-31,234.71780395507807
3,0.5,28,0.7312129123475472,0,1,0,2025-02-03,226.77120971679688
3,0.5,29,0.7454383307822505,0,1,0,2025-02-04,231.53518676757807
3,0.5,30,0.7523281554314368,1,1,0,2025-02-05,231.20700073242188
3,0.5,31,0.7571796056886342,1,1,0,2025-02-06,231.9529266357422
3,0.5,32,0.7845244984688876,1,1,0,2025-02-07,226.3932647705078
3,0.5,33,0.7741617681032126,1,1,0,2025-02-10,226.6620941162109
3,0.5,34,0.7652570939454229,1,1,0,2025-02-11,231.61053466796875
3,0.5,35,0.7799490806182446,1,1,0,2025-02-12,235.84210205078125
3,0.5,36,0.759247737546851,1,1,0,2025-02-13,240.48187255859372
3,0.5,37,0.8128669456405612,1,1,0,2025-02-14,243.53857421875
3,0.5,38,0.789589839712309,1,1,0,2025-02-18,243.40911865234372
3,0.5,39,0.804200706787302,0,1,0,2025-02-19,243.807373046875
3,0.5,40,0.8139574130555096,0,1,0,2025-02-20,244.76319885253903
3,0.5,41,0.7847681616871006,0,1,1,2025-02-21,244.4844207763672
3,0.5,42,0.8002345699173853,0,1,0,2025-02-24,246.0277099609375
3,0.5,43,0.789147120371193,0,1,0,2025-02-25,245.9679718017578
3,0.5,44,0.7039387354426981,0,1,0,2025-02-26,239.31695556640625
3,0.5,45,0.7694694974159874,0,1,0,2025-02-27,236.27024841308597
3,0.5,46,0.7244154072991482,0,1,0,2025-02-28,240.79052734375
3,0.5,47,0.7381634063001721,0,1,0,2025-03-03,236.9970703125
3,0.5,48,0.7709034325105145,0,1,0,2025-03-04,234.9061737060547
3,0.5,49,0.7461745325924121,0,1,0,2025-03-05,234.7169952392578
3,0.5,50,0.7317776466090163,0,1,0,2025-03-06,234.3087921142578
3,0.5,51,0.7226485277199437,0,1,0,2025-03-07,238.03257751464844
3,0.5,52,0.7695373321890931,0,1,0,2025-03-10,226.4928436279297
3,0.5,53,0.7785917343743143,0,1,0,2025-03-11,219.8816680908203
3,0.5,54,0.8185437524248959,0,1,0,2025-03-12,216.03842163085935
3,0.5,55,0.8303032731132772,1,1,0,2025-03-13,208.77008056640625
3,0.5,56,0.8259376911684351,1,1,0,2025-03-14,212.5635528564453
3,0.5,57,0.8330382890181399,1,1,0,2025-03-17,213.07135009765625
3,0.5,58,0.8277004423668997,1,1,0,2025-03-18,211.76702880859372
3,0.5,59,0.8171486018471341,1,1,0,2025-03-19,214.30596923828125
3,0.5,60,0.825216102828629,1,1,0,2025-03-20,213.17091369628903
3,0.5,61,0.8222314086849863,0,1,0,2025-03-21,217.32281494140625
3,0.5,62,0.8188772027869987,1,1,0,2025-03-24,219.77215576171875
3,0.5,63,0.8242761974908667,0,1,0,2025-03-25,222.77903747558597
3,0.5,64,0.7907234716062982,1,1,0,2025-03-26,220.5686798095703
3,0.5,65,0.7766925901262604,0,1,0,2025-03-27,222.8786163330078
3,0.5,66,0.8010092585714407,0,1,0,2025-03-28,216.9544219970703
3,0.5,67,0.7749746315028435,0,1,0,2025-03-31,221.1660614013672
3,0.5,68,0.7584330694071376,0,1,0,2025-04-01,222.22146606445312
3,0.5,69,0.7605819478766234,0,1,0,2025-04-02,222.91842651367188
3,0.5,70,0.7661582111768128,0,1,0,2025-04-03,202.30825805664065
3,0.5,71,0.7471810143369566,1,1,0,2025-04-04,187.56253051757807
3,0.5,72,0.7512779099451118,1,1,0,2025-04-07,180.6725616455078
3,0.5,73,0.773137585341034,1,1,0,2025-04-08,171.6717987060547
3,0.5,74,0.7140742556425814,0,1,0,2025-04-09,197.98709106445312
3,0.5,75,0.722249138233164,1,1,0,2025-04-10,189.5936584472656
3,0.5,76,0.676765526121393,0,1,0,2025-04-11,197.2901306152344
3,0.5,77,0.5997042041593693,0,1,0,2025-04-14,201.6411590576172
3,0.5,78,0.6028965536774437,1,1,0,2025-04-15,201.2628173828125
3,0.5,79,0.6726498744543391,1,1,0,2025-04-16,193.4269561767578
3,0.5,80,0.6719398088559885,1,1,0,2025-04-17,196.1251983642578
3,0.5,81,0.6952697062054464,1,1,0,2025-04-21,192.32177734375
3,0.5,82,0.6736925071103781,1,1,0,2025-04-22,198.87322998046875
3,0.5,83,0.6311861753452813,1,1,0,2025-04-23,203.71214294433597
3,0.5,84,0.6379336780350034,1,1,0,2025-04-24,207.46575927734372
3,0.5,85,0.6562491768387093,0,1,0,2025-04-25,208.371826171875
3,0.5,86,0.6133589147129084,0,1,0,2025-04-28,209.2281036376953
3,0.5,87,0.6173550465811712,0,1,0,2025-04-29,210.29347229003903
3,0.5,88,0.6187809534025279,0,1,0,2025-04-30,211.57785034179688
3,0.5,89,0.6272814038977313,0,1,0,2025-05-01,212.39431762695312
3,0.5,90,0.5622739802816167,0,1,0,2025-05-02,204.4588928222656
3,0.5,91,0.6531406072694105,1,1,0,2025-05-05,198.02691650390625
3,0.5,92,0.6749431858860431,1,1,0,2025-05-06,197.6485595703125
3,0.5,93,0.6844743540110698,1,1,0,2025-05-07,195.39837646484372
3,0.5,94,0.6762928628758121,1,1,0,2025-05-08,196.63299560546875
3,0.5,95,0.6777747455629162,1,1,0,2025-05-09,197.66848754882807
3,0.5,96,0.6247743712413661,0,1,0,2025-05-12,210.1504821777344
3,0.5,97,0.6362876180919882,0,1,0,2025-05-13,212.28399658203125
3,0.5,98,0.6351881211036564,0,1,0,2025-05-14,211.68582153320312
3,0.5,99,0.6568022883216188,0,1,0,2025-05-15,210.8085021972656
3,0.5,100,0.6492805327905959,0,1,0,2025-05-16,210.61907958984372
3,0.5,101,0.6346619124202096,0,1,0,2025-05-19,208.14659118652344
3,0.5,102,0.6077150372599456,0,1,0,2025-05-20,206.232421875
3,0.5,103,0.646544414416706,0,1,0,2025-05-21,201.47689819335935
3,0.5,104,0.6401805849459867,0,1,0,2025-05-22,200.7491149902344
3,0.5,105,0.7019666571032356,1,1,0,2025-05-23,194.6775665283203
3,0.5,106,0.6249905538987353,1,1,0,2025-05-27,199.60260009765625
3,0.5,107,0.5893441043368105,1,1,0,2025-05-28,199.8119659423828
3,0.5,108,0.595383649782571,1,1,0,2025-05-29,199.34336853027344
3,0.5,109,0.562702722376273,1,1,0,2025-05-30,200.24066162109372
3,0.5,110,0.580924383744156,0,1,0,2025-06-02,201.08807373046875
3,0.5,111,0.5547570677494073,0,1,0,2025-06-03,202.6533203125
3,0.5,112,0.5373475803701119,0,1,0,2025-06-04,202.2046813964844
3,0.5,113,0.5144551499399106,0,1,0,2025-06-05,200.0213165283203
3,0.5,114,0.5485090722084055,0,1,0,2025-06-06,203.30133056640625
3,0.5,115,0.49068105079772323,0,0,0,2025-06-09,200.8388214111328
3,0.5,116,0.5296083860231621,0,1,0,2025-06-10,202.0551300048828
3,0.5,117,0.6134316749112747,0,1,0,2025-06-11,198.1769256591797
3,0.5,118,0.5836842880289815,1,1,0,2025-06-12,198.5956573486328
3,0.5,119,0.7055873495391408,1,1,0,2025-06-13,195.85400390625
4,0.3,0,0.521752984676462,1,1,0,2025-06-16,197.81802368164065
4,0.3,1,0.523325311112465,1,1,0,2025-06-17,195.0464630126953
4,0.3,2,0.3971072318326875,1,1,0,2025-06-18,195.9835968017578
4,0.3,3,0.36453266461032086,0,1,0,2025-06-20,200.3902130126953
4,0.3,4,0.3868269719012934,1,1,0,2025-06-23,200.888671875
4,0.3,5,0.35570620448971546,1,1,0,2025-06-24,199.6923065185547
4,0.3,6,0.3843255243963299,1,1,0,2025-06-25,200.948486328125
4,0.3,7,0.3900647616755032,1,1,0,2025-06-26,200.3902130126953
4,0.3,8,0.37597001658496704,1,1,0,2025-06-27,200.469970703125
4,0.3,9,0.3809212302039605,1,1,0,2025-06-30,204.5475311279297
4,0.3,10,0.39744323201305887,1,1,0,2025-07-01,207.18951416015625
4,0.3,11,0.43999377707180465,0,1,0,2025-07-02,211.7954864501953
4,0.3,12,0.47693894149145316,0,1,0,2025-07-03,212.9021148681641
4,0.3,13,0.3619762943747892,0,1,0,2025-07-07,209.31304931640625
4,0.3,14,0.3782855687387727,0,1,0,2025-07-08,209.3728485107422
4,0.3,15,0.4323207999755821,0,1,0,2025-07-09,210.4994354248047
4,0.3,16,0.45219029390583076,0,1,0,2025-07-10,211.7655792236328
4,0.3,17,0.42575840967199474,0,1,0,2025-07-11,210.51937866210935
4,0.3,18,0.34456960063124165,1,1,0,2025-07-14,207.987060546875
4,0.3,19,0.37986716735244236,1,1,0,2025-07-15,208.4755859375
4,0.3,20,0.38586149810786274,1,1,0,2025-07-16,209.52239990234372
4,0.3,21,0.3875849591085775,1,1,0,2025-07-17,209.38282775878903
4,0.3,22,0.42482961277726833,1,1,0,2025-07-18,210.539306640625
4,0.3,23,0.44801773110629123,1,1,0,2025-07-21,211.8353576660156
4,0.3,24,0.5003179129735672,0,1,0,2025-07-22,213.74952697753903
4,0.3,25,0.50118956748531,0,1,0,2025-07-23,213.5002899169922
4,0.3,26,0.4561898925031778,0,1,0,2025-07-24,213.11148071289065
4,0.3,27,0.5004870705952968,0,1,0,2025-07-25,213.23110961914065
4,0.3,28,0.5082985089368737,0,1,0,2025-07-28,213.40061950683597
4,0.3,29,0.38909708450388825,0,1,0,2025-07-29,210.6290435791016
4,0.3,30,0.36608920927490274,1,1,0,2025-07-30,208.4157867431641
4,0.3,31,0.3951657428147497,1,1,0,2025-07-31,206.9402618408203
4,0.3,32,0.5106879796478412,1,1,0,2025-08-01,201.76600646972656
4,0.3,33,0.48972351883449305,1,1,0,2025-08-04,202.7330780029297
4,0.3,34,0.4942778681588041,1,1,0,2025-08-05,202.3043670654297
4,0.3,35,0.3799926360468377,1,1,0,2025-08-06,212.60302734375
4,0.3,36,0.4482352800621362,1,1,0,2025-08-07,219.36245727539065
4,0.3,37,0.43618470037018475,1,1,0,2025-08-08,228.6541748046875
4,0.3,38,0.49159554878713263,1,1,0,2025-08-11,226.747802734375
4,0.3,39,0.49035520495050133,1,1,0,2025-08-12,229.21310424804688
4,0.3,40,0.4360804033077964,0,1,0,2025-08-13,232.88612365722656
4,0.3,41,0.4519639998048169,0,1,0,2025-08-14,232.337158203125
4,0.3,42,0.44996450965654733,0,1,0,2025-08-15,231.1494140625
4,0.3,43,0.4494981225997131,0,1,0,2025-08-18,230.4507598876953
4,0.3,44,0.44187786638829324,0,1,0,2025-08-19,230.1213836669922
4,0.3,45,0.47889064235269957,1,1,0,2025-08-20,225.5800323486328
4,0.3,46,0.4605787598778333,1,1,0,2025-08-21,224.4721527099609
4,0.3,47,0.4667971865925635,1,1,0,2025-08-22,227.3267059326172
4,0.3,48,0.44326213341919884,1,1,0,2025-08-25,226.72784423828125
4,0.3,49,0.47089271771585584,1,1,0,2025-08-26,228.87376403808597
4,0.3,50,0.485155968665584,1,1,0,2025-08-27,230.0515289306641
4,0.3,51,0.5170602426805827,1,1,0,2025-08-28,232.1175842285156
4,0.3,52,0.47457452314905785,1,1,0,2025-08-29,231.6983795166016
4,0.3,53,0.4718510933261721,1,1,0,2025-09-02,229.28298950195312
4,0.3,54,0.49103667711852866,0,1,0,2025-09-03,238.01634216308597
4,0.3,55,0.5117407371523383,0,1,0,2025-09-04,239.32383728027344
4,0.3,56,0.4944786902049692,0,1,0,2025-09-05,239.2340087890625
4,0.3,57,0.4441132329655448,0,1,0,2025-09-08,237.42745971679688
4,0.3,58,0.4356377678836935,1,1,0,2025-09-09,233.9041748046875
4,0.3,59,0.4375055063486879,1,1,0,2025-09-10,226.35855102539065
4,0.3,60,0.4204776072858595,1,1,0,2025-09-11,229.59239196777344
4,0.3,61,0.43010866665026015,1,1,0,2025-09-12,233.6247100830078
4,0.3,62,0.4597560060877137,1,1,0,2025-09-15,236.24969482421875
4,0.3,63,0.45738585309575197,1,1,1,2025-09-16,237.6969451904297
4,0.3,64,0.41510593924130607,1,1,0,2025-09-17,238.5353546142578
4,0.3,65,0.39567588238785034,1,1,0,2025-09-18,237.42745971679688
4,0.3,66,0.4621558137867913,1,1,1,2025-09-19,245.032958984375
4,0.3,67,0.41682189542174813,0,1,0,2025-09-22,255.5928192138672
4,0.3,68,0.4341155730417422,0,1,0,2025-09-23,253.9459686279297
4,0.3,69,0.44368045056710637,1,1,0,2025-09-24,251.8300018310547
4,0.3,70,0.4455350123208535,0,1,0,2025-09-25,256.3813171386719
4,0.3,71,0.46184346939896215,1,1,0,2025-09-26,254.97401428222656
4,0.3,72,0.4466109970004075,1,1,0,2025-09-29,253.9459686279297
4,0.3,73,0.44311636354123457,1,1,0,2025-09-30,254.1455993652344
4,0.3,74,0.44809263966858226,1,1,0,2025-10-01,254.9640350341797
4,0.3,75,0.42971686994383856,0,1,0,2025-10-02,256.6408386230469
4,0.3,76,0.24505162658516583,0,0,0,2025-10-03,257.5291442871094
4,0.3,77,0.24446927047625058,0,0,0,2025-10-06,256.20166015625
4,0.3,78,0.2484771904841777,0,0,0,2025-10-07,255.9920959472656
4,0.3,79,0.24036108812310833,0,0,0,2025-10-08,257.569091796875
4,0.3,80,0.24227811068446917,0,0,0,2025-10-09,253.55670166015625
4,0.3,81,0.18003878097023446,1,0,0,2025-10-10,244.80340576171875
4,0.3,82,0.16158559586677804,1,0,0,2025-10-13,247.18885803222656
4,0.3,83,0.15594693592569336,1,0,0,2025-10-14,247.29864501953125
4,0.3,84,0.16228824237155062,1,0,0,2025-10-15,248.86566162109372
4,0.3,85,0.13607344888660083,1,0,0,2025-10-16,246.9792633056641
4,0.3,86,0.19414195550347482,1,0,1,2025-10-17,251.81002807617188
4,0.3,87,0.22574264508560565,1,0,1,2025-10-20,261.7411193847656
4,0.3,88,0.22772546143857886,1,0,1,2025-10-21,262.27008056640625
4,0.3,89,0.21996811566199714,1,0,0,2025-10-22,257.9583435058594
4,0.3,90,0.219451878466536,1,0,0,2025-10-23,259.0861511230469
4,0.3,91,0.21910722971291424,1,0,0,2025-10-24,262.3200378417969
4,0.3,92,0.2530328649685395,0,0,1,2025-10-27,268.2986145019531
4,0.3,93,0.23475373397565155,1,0,0,2025-10-28,268.4882507324219
4,0.3,94,0.22220868125312185,0,0,1,2025-10-29,269.1869201660156
4,0.3,95,0.16997469040261207,0,0,0,2025-10-30,270.8836669921875
4,0.3,96,0.17725976211173308,0,0,0,2025-10-31,269.85565185546875
4,0.3,97,0.17515122362547458,0,0,0,2025-11-03,268.53814697265625
4,0.3,98,0.19202530105457005,1,0,0,2025-11-04,269.5262756347656
4,0.3,99,0.18827626232605277,1,0,0,2025-11-05,269.6260986328125
4,0.3,100,0.19512078124527046,1,0,0,2025-11-06,269.2567749023437
4,0.3,101,0.20766807967701806,1,0,0,2025-11-07,267.9592590332031
4,0.3,102,0.23151242760177354,0,0,0,2025-11-10,269.1781311035156
4,0.3,103,0.24027609796920862,0,0,0,2025-11-11,274.99267578125
4,0.3,104,0.21443020203171262,0,0,0,2025-11-12,273.21435546875
4,0.3,105,0.2147607395312146,0,0,0,2025-11-13,272.6948547363281
4,0.3,106,0.21387826901469797,0,0,0,2025-11-14,272.15533447265625
4,0.3,107,0.15085754202631643,1,0,0,2025-11-17,267.2099609375
4,0.3,108,0.15196407276018511,1,0,0,2025-11-18,267.19000244140625
4,0.3,109,0.17272440514940668,1,0,0,2025-11-19,268.3089294433594
4,0.3,110,0.1310792166449043,1,0,0,2025-11-20,266.0010986328125
4,0.3,111,0.19498205408475364,1,0,0,2025-11-21,271.2361755371094
4,0.3,112,0.2491316560786587,1,0,1,2025-11-24,275.6620788574219
4,0.3,113,0.2435604090573671,1,0,0,2025-11-25,276.7110900878906
4,0.3,114,0.22817645950399926,1,0,0,2025-11-26,277.29052734375
4,0.3,115,0.2127681912784046,0,0,0,2025-11-28,278.5893249511719
4,0.3,116,0.21783172401743292,0,0,0,2025-12-01,282.8353576660156
4,0.3,117,0.24188914591315755,0,0,1,2025-12-02,285.9224548339844
4,0.3,118,0.1993599283181333,0,0,0,2025-12-03,283.8843688964844
4,0.3,119,0.1941894208133598,0,0,0,2025-12-04,280.4375915527344
4,0.35,0,0.521752984676462,1,1,0,2025-06-16,197.81802368164065
4,0.35,1,0.523325311112465,1,1,0,2025-06-17,195.0464630126953
4,0.35,2,0.3971072318326875,1,1,0,2025-06-18,195.9835968017578
4,0.35,3,0.36453266461032086,0,1,0,2025-06-20,200.3902130126953
4,0.35,4,0.3868269719012934,1,1,0,2025-06-23,200.888671875
4,0.35,5,0.35570620448971546,1,1,0,2025-06-24,199.6923065185547
4,0.35,6,0.3843255243963299,1,1,0,2025-06-25,200.948486328125
4,0.35,7,0.3900647616755032,1,1,0,2025-06-26,200.3902130126953
4,0.35,8,0.37597001658496704,1,1,0,2025-06-27,200.469970703125
4,0.35,9,0.3809212302039605,1,1,0,2025-06-30,204.5475311279297
4,0.35,10,0.39744323201305887,1,1,0,2025-07-01,207.18951416015625
4,0.35,11,0.43999377707180465,0,1,0,2025-07-02,211.7954864501953
4,0.35,12,0.47693894149145316,0,1,0,2025-07-03,212.9021148681641
4,0.35,13,0.3619762943747892,0,1,0,2025-07-07,209.31304931640625
4,0.35,14,0.3782855687387727,0,1,0,2025-07-08,209.3728485107422
4,0.35,15,0.4323207999755821,0,1,0,2025-07-09,210.4994354248047
4,0.35,16,0.45219029390583076,0,1,0,2025-07-10,211.7655792236328
4,0.35,17,0.42575840967199474,0,1,0,2025-07-11,210.51937866210935
4,0.35,18,0.34456960063124165,1,0,0,2025-07-14,207.987060546875
4,0.35,19,0.37986716735244236,1,1,0,2025-07-15,208.4755859375
4,0.35,20,0.38586149810786274,1,1,0,2025-07-16,209.52239990234372
4,0.35,21,0.3875849591085775,1,1,0,2025-07-17,209.38282775878903
4,0.35,22,0.42482961277726833,1,1,0,2025-07-18,210.539306640625
4,0.35,23,0.44801773110629123,1,1,0,2025-07-21,211.8353576660156
4,0.35,24,0.5003179129735672,0,1,0,2025-07-22,213.74952697753903
4,0.35,25,0.50118956748531,0,1,0,2025-07-23,213.5002899169922
4,0.35,26,0.4561898925031778,0,1,0,2025-07-24,213.11148071289065
4,0.35,27,0.5004870705952968,0,1,0,2025-07-25,213.23110961914065
4,0.35,28,0.5082985089368737,0,1,0,2025-07-28,213.40061950683597
4,0.35,29,0.38909708450388825,0,1,0,2025-07-29,210.6290435791016
4,0.35,30,0.36608920927490274,1,1,0,2025-07-30,208.4157867431641
4,0.35,31,0.3951657428147497,1,1,0,2025-07-31,206.9402618408203
4,0.35,32,0.5106879796478412,1,1,0,2025-08-01,201.76600646972656
4,0.35,33,0.48972351883449305,1,1,0,2025-08-04,202.7330780029297
4,0.35,34,0.4942778681588041,1,1,0,2025-08-05,202.3043670654297
4,0.35,35,0.3799926360468377,1,1,0,2025-08-06,212.60302734375
4,0.35,36,0.4482352800621362,1,1,0,2025-08-07,219.36245727539065
4,0.35,37,0.43618470037018475,1,1,0,2025-08-08,228.6541748046875
4,0.35,38,0.49159554878713263,1,1,0,2025-08-11,226.747802734375
4,0.35,39,0.49035520495050133,1,1,0,2025-08-12,229.21310424804688
4,0.35,40,0.4360804033077964,0,1,0,2025-08-13,232.88612365722656
4,0.35,41,0.4519639998048169,0,1,0,2025-08-14,232.337158203125
4,0.35,42,0.44996450965654733,0,1,0,2025-08-15,231.1494140625
4,0.35,43,0.4494981225997131,0,1,0,2025-08-18,230.4507598876953
4,0.35,44,0.44187786638829324,0,1,0,2025-08-19,230.1213836669922
4,0.35,45,0.47889064235269957,1,1,0,2025-08-20,225.5800323486328
4,0.35,46,0.4605787598778333,1,1,0,2025-08-21,224.4721527099609
4,0.35,47,0.4667971865925635,1,1,0,2025-08-22,227.3267059326172
4,0.35,48,0.44326213341919884,1,1,0,2025-08-25,226.72784423828125
4,0.35,49,0.47089271771585584,1,1,0,2025-08-26,228.87376403808597
4,0.35,50,0.485155968665584,1,1,0,2025-08-27,230.0515289306641
4,0.35,51,0.5170602426805827,1,1,0,2025-08-28,232.1175842285156
4,0.35,52,0.47457452314905785,1,1,0,2025-08-29,231.6983795166016
4,0.35,53,0.4718510933261721,1,1,0,2025-09-02,229.28298950195312
4,0.35,54,0.49103667711852866,0,1,0,2025-09-03,238.01634216308597
4,0.35,55,0.5117407371523383,0,1,0,2025-09-04,239.32383728027344
4,0.35,56,0.4944786902049692,0,1,0,2025-09-05,239.2340087890625
4,0.35,57,0.4441132329655448,0,1,0,2025-09-08,237.42745971679688
4,0.35,58,0.4356377678836935,1,1,0,2025-09-09,233.9041748046875
4,0.35,59,0.4375055063486879,1,1,0,2025-09-10,226.35855102539065
4,0.35,60,0.4204776072858595,1,1,0,2025-09-11,229.59239196777344
4,0.35,61,0.43010866665026015,1,1,0,2025-09-12,233.6247100830078
4,0.35,62,0.4597560060877137,1,1,0,2025-09-15,236.24969482421875
4,0.35,63,0.45738585309575197,1,1,1,2025-09-16,237.6969451904297
4,0.35,64,0.41510593924130607,1,1,0,2025-09-17,238.5353546142578
4,0.35,65,0.39567588238785034,1,1,0,2025-09-18,237.42745971679688
4,0.35,66,0.4621558137867913,1,1,1,2025-09-19,245.032958984375
4,0.35,67,0.41682189542174813,0,1,0,2025-09-22,255.5928192138672
4,0.35,68,0.4341155730417422,0,1,0,2025-09-23,253.9459686279297
4,0.35,69,0.44368045056710637,1,1,0,2025-09-24,251.8300018310547
4,0.35,70,0.4455350123208535,0,1,0,2025-09-25,256.3813171386719
4,0.35,71,0.46184346939896215,1,1,0,2025-09-26,254.97401428222656
4,0.35,72,0.4466109970004075,1,1,0,2025-09-29,253.9459686279297
4,0.35,73,0.44311636354123457,1,1,0,2025-09-30,254.1455993652344
4,0.35,74,0.44809263966858226,1,1,0,2025-10-01,254.9640350341797
4,0.35,75,0.42971686994383856,0,1,0,2025-10-02,256.6408386230469
4,0.35,76,0.24505162658516583,0,0,0,2025-10-03,257.5291442871094
4,0.35,77,0.24446927047625058,0,0,0,2025-10-06,256.20166015625
4,0.35,78,0.2484771904841777,0,0,0,2025-10-07,255.9920959472656
4,0.35,79,0.24036108812310833,0,0,0,2025-10-08,257.569091796875
4,0.35,80,0.24227811068446917,0,0,0,2025-10-09,253.55670166015625
4,0.35,81,0.18003878097023446,1,0,0,2025-10-10,244.80340576171875
4,0.35,82,0.16158559586677804,1,0,0,2025-10-13,247.18885803222656
4,0.35,83,0.15594693592569336,1,0,0,2025-10-14,247.29864501953125
4,0.35,84,0.16228824237155062,1,0,0,2025-10-15,248.86566162109372
4,0.35,85,0.13607344888660083,1,0,0,2025-10-16,246.9792633056641
4,0.35,86,0.19414195550347482,1,0,1,2025-10-17,251.81002807617188
4,0.35,87,0.22574264508560565,1,0,1,2025-10-20,261.7411193847656
4,0.35,88,0.22772546143857886,1,0,1,2025-10-21,262.27008056640625
4,0.35,89,0.21996811566199714,1,0,0,2025-10-22,257.9583435058594
4,0.35,90,0.219451878466536,1,0,0,2025-10-23,259.0861511230469
4,0.35,91,0.21910722971291424,1,0,0,2025-10-24,262.3200378417969
4,0.35,92,0.2530328649685395,0,0,1,2025-10-27,268.2986145019531
4,0.35,93,0.23475373397565155,1,0,0,2025-10-28,268.4882507324219
4,0.35,94,0.22220868125312185,0,0,1,2025-10-29,269.1869201660156
4,0.35,95,0.16997469040261207,0,0,0,2025-10-30,270.8836669921875
4,0.35,96,0.17725976211173308,0,0,0,2025-10-31,269.85565185546875
4,0.35,97,0.17515122362547458,0,0,0,2025-11-03,268.53814697265625
4,0.35,98,0.19202530105457005,1,0,0,2025-11-04,269.5262756347656
4,0.35,99,0.18827626232605277,1,0,0,2025-11-05,269.6260986328125
4,0.35,100,0.19512078124527046,1,0,0,2025-11-06,269.2567749023437
4,0.35,101,0.20766807967701806,1,0,0,2025-11-07,267.9592590332031
4,0.35,102,0.23151242760177354,0,0,0,2025-11-10,269.1781311035156
4,0.35,103,0.24027609796920862,0,0,0,2025-11-11,274.99267578125
4,0.35,104,0.21443020203171262,0,0,0,2025-11-12,273.21435546875
4,0.35,105,0.2147607395312146,0,0,0,2025-11-13,272.6948547363281
4,0.35,106,0.21387826901469797,0,0,0,2025-11-14,272.15533447265625
4,0.35,107,0.15085754202631643,1,0,0,2025-11-17,267.2099609375
4,0.35,108,0.15196407276018511,1,0,0,2025-11-18,267.19000244140625
4,0.35,109,0.17272440514940668,1,0,0,2025-11-19,268.3089294433594
4,0.35,110,0.1310792166449043,1,0,0,2025-11-20,266.0010986328125
4,0.35,111,0.19498205408475364,1,0,0,2025-11-21,271.2361755371094
4,0.35,112,0.2491316560786587,1,0,1,2025-11-24,275.6620788574219
4,0.35,113,0.2435604090573671,1,0,0,2025-11-25,276.7110900878906
4,0.35,114,0.22817645950399926,1,0,0,2025-11-26,277.29052734375
4,0.35,115,0.2127681912784046,0,0,0,2025-11-28,278.5893249511719
4,0.35,116,0.21783172401743292,0,0,0,2025-12-01,282.8353576660156
4,0.35,117,0.24188914591315755,0,0,1,2025-12-02,285.9224548339844
4,0.35,118,0.1993599283181333,0,0,0,2025-12-03,283.8843688964844
4,0.35,119,0.1941894208133598,0,0,0,2025-12-04,280.4375915527344
4,0.4,0,0.521752984676462,1,1,0,2025-06-16,197.81802368164065
4,0.4,1,0.523325311112465,1,1,0,2025-06-17,195.0464630126953
4,0.4,2,0.3971072318326875,1,0,0,2025-06-18,195.9835968017578
4,0.4,3,0.36453266461032086,0,0,0,2025-06-20,200.3902130126953
4,0.4,4,0.3868269719012934,1,0,0,2025-06-23,200.888671875
4,0.4,5,0.35570620448971546,1,0,0,2025-06-24,199.6923065185547
4,0.4,6,0.3843255243963299,1,0,0,2025-06-25,200.948486328125
4,0.4,7,0.3900647616755032,1,0,0,2025-06-26,200.3902130126953
4,0.4,8,0.37597001658496704,1,0,0,2025-06-27,200.469970703125
4,0.4,9,0.3809212302039605,1,0,0,2025-06-30,204.5475311279297
4,0.4,10,0.39744323201305887,1,0,0,2025-07-01,207.18951416015625
4,0.4,11,0.43999377707180465,0,1,0,2025-07-02,211.7954864501953
4,0.4,12,0.47693894149145316,0,1,0,2025-07-03,212.9021148681641
4,0.4,13,0.3619762943747892,0,0,0,2025-07-07,209.31304931640625
4,0.4,14,0.3782855687387727,0,0,0,2025-07-08,209.3728485107422
4,0.4,15,0.4323207999755821,0,1,0,2025-07-09,210.4994354248047
4,0.4,16,0.45219029390583076,0,1,0,2025-07-10,211.7655792236328
4,0.4,17,0.42575840967199474,0,1,0,2025-07-11,210.51937866210935
4,0.4,18,0.34456960063124165,1,0,0,2025-07-14,207.987060546875
4,0.4,19,0.37986716735244236,1,0,0,2025-07-15,208.4755859375
4,0.4,20,0.38586149810786274,1,0,0,2025-07-16,209.52239990234372
4,0.4,21,0.3875849591085775,1,0,0,2025-07-17,209.38282775878903
4,0.4,22,0.42482961277726833,1,1,0,2025-07-18,210.539306640625
4,0.4,23,0.44801773110629123,1,1,0,2025-07-21,211.8353576660156
4,0.4,24,0.5003179129735672,0,1,0,2025-07-22,213.74952697753903
4,0.4,25,0.50118956748531,0,1,0,2025-07-23,213.5002899169922
4,0.4,26,0.4561898925031778,0,1,0,2025-07-24,213.11148071289065
4,0.4,27,0.5004870705952968,0,1,0,2025-07-25,213.23110961914065
4,0.4,28,0.5082985089368737,0,1,0,2025-07-28,213.40061950683597
4,0.4,29,0.38909708450388825,0,0,0,2025-07-29,210.6290435791016
4,0.4,30,0.36608920927490274,1,0,0,2025-07-30,208.4157867431641
4,0.4,31,0.3951657428147497,1,0,0,2025-07-31,206.9402618408203
4,0.4,32,0.5106879796478412,1,1,0,2025-08-01,201.76600646972656
4,0.4,33,0.48972351883449305,1,1,0,2025-08-04,202.7330780029297
4,0.4,34,0.4942778681588041,1,1,0,2025-08-05,202.3043670654297
4,0.4,35,0.3799926360468377,1,0,0,2025-08-06,212.60302734375
4,0.4,36,0.4482352800621362,1,1,0,2025-08-07,219.36245727539065
4,0.4,37,0.43618470037018475,1,1,0,2025-08-08,228.6541748046875
4,0.4,38,0.49159554878713263,1,1,0,2025-08-11,226.747802734375
4,0.4,39,0.49035520495050133,1,1,0,2025-08-12,229.21310424804688
4,0.4,40,0.4360804033077964,0,1,0,2025-08-13,232.88612365722656
4,0.4,41,0.4519639998048169,0,1,0,2025-08-14,232.337158203125
4,0.4,42,0.44996450965654733,0,1,0,2025-08-15,231.1494140625
4,0.4,43,0.4494981225997131,0,1,0,2025-08-18,230.4507598876953
4,0.4,44,0.44187786638829324,0,1,0,2025-08-19,230.1213836669922
4,0.4,45,0.47889064235269957,1,1,0,2025-08-20,225.5800323486328
4,0.4,46,0.4605787598778333,1,1,0,2025-08-21,224.4721527099609
4,0.4,47,0.4667971865925635,1,1,0,2025-08-22,227.3267059326172
4,0.4,48,0.44326213341919884,1,1,0,2025-08-25,226.72784423828125
4,0.4,49,0.47089271771585584,1,1,0,2025-08-26,228.87376403808597
4,0.4,50,0.485155968665584,1,1,0,2025-08-27,230.0515289306641
4,0.4,51,0.5170602426805827,1,1,0,2025-08-28,232.1175842285156
4,0.4,52,0.47457452314905785,1,1,0,2025-08-29,231.6983795166016
4,0.4,53,0.4718510933261721,1,1,0,2025-09-02,229.28298950195312
4,0.4,54,0.49103667711852866,0,1,0,2025-09-03,238.01634216308597
4,0.4,55,0.5117407371523383,0,1,0,2025-09-04,239.32383728027344
4,0.4,56,0.4944786902049692,0,1,0,2025-09-05,239.2340087890625
4,0.4,57,0.4441132329655448,0,1,0,2025-09-08,237.42745971679688
4,0.4,58,0.4356377678836935,1,1,0,2025-09-09,233.9041748046875
4,0.4,59,0.4375055063486879,1,1,0,2025-09-10,226.35855102539065
4,0.4,60,0.4204776072858595,1,1,0,2025-09-11,229.59239196777344
4,0.4,61,0.43010866665026015,1,1,0,2025-09-12,233.6247100830078
4,0.4,62,0.4597560060877137,1,1,0,2025-09-15,236.24969482421875
4,0.4,63,0.45738585309575197,1,1,1,2025-09-16,237.6969451904297
4,0.4,64,0.41510593924130607,1,1,0,2025-09-17,238.5353546142578
4,0.4,65,0.39567588238785034,1,0,0,2025-09-18,237.42745971679688
4,0.4,66,0.4621558137867913,1,1,1,2025-09-19,245.032958984375
4,0.4,67,0.41682189542174813,0,1,0,2025-09-22,255.5928192138672
4,0.4,68,0.4341155730417422,0,1,0,2025-09-23,253.9459686279297
4,0.4,69,0.44368045056710637,1,1,0,2025-09-24,251.8300018310547
4,0.4,70,0.4455350123208535,0,1,0,2025-09-25,256.3813171386719
4,0.4,71,0.46184346939896215,1,1,0,2025-09-26,254.97401428222656
4,0.4,72,0.4466109970004075,1,1,0,2025-09-29,253.9459686279297
4,0.4,73,0.44311636354123457,1,1,0,2025-09-30,254.1455993652344
4,0.4,74,0.44809263966858226,1,1,0,2025-10-01,254.9640350341797
4,0.4,75,0.42971686994383856,0,1,0,2025-10-02,256.6408386230469
4,0.4,76,0.24505162658516583,0,0,0,2025-10-03,257.5291442871094
4,0.4,77,0.24446927047625058,0,0,0,2025-10-06,256.20166015625
4,0.4,78,0.2484771904841777,0,0,0,2025-10-07,255.9920959472656
4,0.4,79,0.24036108812310833,0,0,0,2025-10-08,257.569091796875
4,0.4,80,0.24227811068446917,0,0,0,2025-10-09,253.55670166015625
4,0.4,81,0.18003878097023446,1,0,0,2025-10-10,244.80340576171875
4,0.4,82,0.16158559586677804,1,0,0,2025-10-13,247.18885803222656
4,0.4,83,0.15594693592569336,1,0,0,2025-10-14,247.29864501953125
4,0.4,84,0.16228824237155062,1,0,0,2025-10-15,248.86566162109372
4,0.4,85,0.13607344888660083,1,0,0,2025-10-16,246.9792633056641
4,0.4,86,0.19414195550347482,1,0,1,2025-10-17,251.81002807617188
4,0.4,87,0.22574264508560565,1,0,1,2025-10-20,261.7411193847656
4,0.4,88,0.22772546143857886,1,0,1,2025-10-21,262.27008056640625
4,0.4,89,0.21996811566199714,1,0,0,2025-10-22,257.9583435058594
4,0.4,90,0.219451878466536,1,0,0,2025-10-23,259.0861511230469
4,0.4,91,0.21910722971291424,1,0,0,2025-10-24,262.3200378417969
4,0.4,92,0.2530328649685395,0,0,1,2025-10-27,268.2986145019531
4,0.4,93,0.23475373397565155,1,0,0,2025-10-28,268.4882507324219
4,0.4,94,0.22220868125312185,0,0,1,2025-10-29,269.1869201660156
4,0.4,95,0.16997469040261207,0,0,0,2025-10-30,270.8836669921875
4,0.4,96,0.17725976211173308,0,0,0,2025-10-31,269.85565185546875
4,0.4,97,0.17515122362547458,0,0,0,2025-11-03,268.53814697265625
4,0.4,98,0.19202530105457005,1,0,0,2025-11-04,269.5262756347656
4,0.4,99,0.18827626232605277,1,0,0,2025-11-05,269.6260986328125
4,0.4,100,0.19512078124527046,1,0,0,2025-11-06,269.2567749023437
4,0.4,101,0.20766807967701806,1,0,0,2025-11-07,267.9592590332031
4,0.4,102,0.23151242760177354,0,0,0,2025-11-10,269.1781311035156
4,0.4,103,0.24027609796920862,0,0,0,2025-11-11,274.99267578125
4,0.4,104,0.21443020203171262,0,0,0,2025-11-12,273.21435546875
4,0.4,105,0.2147607395312146,0,0,0,2025-11-13,272.6948547363281
4,0.4,106,0.21387826901469797,0,0,0,2025-11-14,272.15533447265625
4,0.4,107,0.15085754202631643,1,0,0,2025-11-17,267.2099609375
4,0.4,108,0.15196407276018511,1,0,0,2025-11-18,267.19000244140625
4,0.4,109,0.17272440514940668,1,0,0,2025-11-19,268.3089294433594
4,0.4,110,0.1310792166449043,1,0,0,2025-11-20,266.0010986328125
4,0.4,111,0.19498205408475364,1,0,0,2025-11-21,271.2361755371094
4,0.4,112,0.2491316560786587,1,0,1,2025-11-24,275.6620788574219
4,0.4,113,0.2435604090573671,1,0,0,2025-11-25,276.7110900878906
4,0.4,114,0.22817645950399926,1,0,0,2025-11-26,277.29052734375
4,0.4,115,0.2127681912784046,0,0,0,2025-11-28,278.5893249511719
4,0.4,116,0.21783172401743292,0,0,0,2025-12-01,282.8353576660156
4,0.4,117,0.24188914591315755,0,0,1,2025-12-02,285.9224548339844
4,0.4,118,0.1993599283181333,0,0,0,2025-12-03,283.8843688964844
4,0.4,119,0.1941894208133598,0,0,0,2025-12-04,280.4375915527344
4,0.45,0,0.521752984676462,1,1,0,2025-06-16,197.81802368164065
4,0.45,1,0.523325311112465,1,1,0,2025-06-17,195.0464630126953
4,0.45,2,0.3971072318326875,1,0,0,2025-06-18,195.9835968017578
4,0.45,3,0.36453266461032086,0,0,0,2025-06-20,200.3902130126953
4,0.45,4,0.3868269719012934,1,0,0,2025-06-23,200.888671875
4,0.45,5,0.35570620448971546,1,0,0,2025-06-24,199.6923065185547
4,0.45,6,0.3843255243963299,1,0,0,2025-06-25,200.948486328125
4,0.45,7,0.3900647616755032,1,0,0,2025-06-26,200.3902130126953
4,0.45,8,0.37597001658496704,1,0,0,2025-06-27,200.469970703125
4,0.45,9,0.3809212302039605,1,0,0,2025-06-30,204.5475311279297
4,0.45,10,0.39744323201305887,1,0,0,2025-07-01,207.18951416015625
4,0.45,11,0.43999377707180465,0,0,0,2025-07-02,211.7954864501953
4,0.45,12,0.47693894149145316,0,1,0,2025-07-03,212.9021148681641
4,0.45,13,0.3619762943747892,0,0,0,2025-07-07,209.31304931640625
4,0.45,14,0.3782855687387727,0,0,0,2025-07-08,209.3728485107422
4,0.45,15,0.4323207999755821,0,0,0,2025-07-09,210.4994354248047
4,0.45,16,0.45219029390583076,0,1,0,2025-07-10,211.7655792236328
4,0.45,17,0.42575840967199474,0,0,0,2025-07-11,210.51937866210935
4,0.45,18,0.34456960063124165,1,0,0,2025-07-14,207.987060546875
4,0.45,19,0.37986716735244236,1,0,0,2025-07-15,208.4755859375
4,0.45,20,0.38586149810786274,1,0,0,2025-07-16,209.52239990234372
4,0.45,21,0.3875849591085775,1,0,0,2025-07-17,209.38282775878903
4,0.45,22,0.42482961277726833,1,0,0,2025-07-18,210.539306640625
4,0.45,23,0.44801773110629123,1,0,0,2025-07-21,211.8353576660156
4,0.45,24,0.5003179129735672,0,1,0,2025-07-22,213.74952697753903
4,0.45,25,0.50118956748531,0,1,0,2025-07-23,213.5002899169922
4,0.45,26,0.4561898925031778,0,1,0,2025-07-24,213.11148071289065
4,0.45,27,0.5004870705952968,0,1,0,2025-07-25,213.23110961914065
4,0.45,28,0.5082985089368737,0,1,0,2025-07-28,213.40061950683597
4,0.45,29,0.38909708450388825,0,0,0,2025-07-29,210.6290435791016
4,0.45,30,0.36608920927490274,1,0,0,2025-07-30,208.4157867431641
4,0.45,31,0.3951657428147497,1,0,0,2025-07-31,206.9402618408203
4,0.45,32,0.5106879796478412,1,1,0,2025-08-01,201.76600646972656
4,0.45,33,0.48972351883449305,1,1,0,2025-08-04,202.7330780029297
4,0.45,34,0.4942778681588041,1,1,0,2025-08-05,202.3043670654297
4,0.45,35,0.3799926360468377,1,0,0,2025-08-06,212.60302734375
4,0.45,36,0.4482352800621362,1,0,0,2025-08-07,219.36245727539065
4,0.45,37,0.43618470037018475,1,0,0,2025-08-08,228.6541748046875
4,0.45,38,0.49159554878713263,1,1,0,2025-08-11,226.747802734375
4,0.45,39,0.49035520495050133,1,1,0,2025-08-12,229.21310424804688
4,0.45,40,0.4360804033077964,0,0,0,2025-08-13,232.88612365722656
4,0.45,41,0.4519639998048169,0,1,0,2025-08-14,232.337158203125
4,0.45,42,0.44996450965654733,0,0,0,2025-08-15,231.1494140625
4,0.45,43,0.4494981225997131,0,0,0,2025-08-18,230.4507598876953
4,0.45,44,0.44187786638829324,0,0,0,2025-08-19,230.1213836669922
4,0.45,45,0.47889064235269957,1,1,0,2025-08-20,225.5800323486328
4,0.45,46,0.4605787598778333,1,1,0,2025-08-21,224.4721527099609
4,0.45,47,0.4667971865925635,1,1,0,2025-08-22,227.3267059326172
4,0.45,48,0.44326213341919884,1,0,0,2025-08-25,226.72784423828125
4,0.45,49,0.47089271771585584,1,1,0,2025-08-26,228.87376403808597
4,0.45,50,0.485155968665584,1,1,0,2025-08-27,230.0515289306641
4,0.45,51,0.5170602426805827,1,1,0,2025-08-28,232.1175842285156
4,0.45,52,0.47457452314905785,1,1,0,2025-08-29,231.6983795166016
4,0.45,53,0.4718510933261721,1,1,0,2025-09-02,229.28298950195312
4,0.45,54,0.49103667711852866,0,1,0,2025-09-03,238.01634216308597
4,0.45,55,0.5117407371523383,0,1,0,2025-09-04,239.32383728027344
4,0.45,56,0.4944786902049692,0,1,0,2025-09-05,239.2340087890625
4,0.45,57,0.4441132329655448,0,0,0,2025-09-08,237.42745971679688
4,0.45,58,0.4356377678836935,1,0,0,2025-09-09,233.9041748046875
4,0.45,59,0.4375055063486879,1,0,0,2025-09-10,226.35855102539065
4,0.45,60,0.4204776072858595,1,0,0,2025-09-11,229.59239196777344
4,0.45,61,0.43010866665026015,1,0,0,2025-09-12,233.6247100830078
4,0.45,62,0.4597560060877137,1,1,0,2025-09-15,236.24969482421875
4,0.45,63,0.45738585309575197,1,1,1,2025-09-16,237.6969451904297
4,0.45,64,0.41510593924130607,1,0,0,2025-09-17,238.5353546142578
4,0.45,65,0.39567588238785034,1,0,0,2025-09-18,237.42745971679688
4,0.45,66,0.4621558137867913,1,1,1,2025-09-19,245.032958984375
4,0.45,67,0.41682189542174813,0,0,0,2025-09-22,255.5928192138672
4,0.45,68,0.4341155730417422,0,0,0,2025-09-23,253.9459686279297
4,0.45,69,0.44368045056710637,1,0,0,2025-09-24,251.8300018310547
4,0.45,70,0.4455350123208535,0,0,0,2025-09-25,256.3813171386719
4,0.45,71,0.46184346939896215,1,1,0,2025-09-26,254.97401428222656
4,0.45,72,0.4466109970004075,1,0,0,2025-09-29,253.9459686279297
4,0.45,73,0.44311636354123457,1,0,0,2025-09-30,254.1455993652344
4,0.45,74,0.44809263966858226,1,0,0,2025-10-01,254.9640350341797
4,0.45,75,0.42971686994383856,0,0,0,2025-10-02,256.6408386230469
4,0.45,76,0.24505162658516583,0,0,0,2025-10-03,257.5291442871094
4,0.45,77,0.24446927047625058,0,0,0,2025-10-06,256.20166015625
4,0.45,78,0.2484771904841777,0,0,0,2025-10-07,255.9920959472656
4,0.45,79,0.24036108812310833,0,0,0,2025-10-08,257.569091796875
4,0.45,80,0.24227811068446917,0,0,0,2025-10-09,253.55670166015625
4,0.45,81,0.18003878097023446,1,0,0,2025-10-10,244.80340576171875
4,0.45,82,0.16158559586677804,1,0,0,2025-10-13,247.18885803222656
4,0.45,83,0.15594693592569336,1,0,0,2025-10-14,247.29864501953125
4,0.45,84,0.16228824237155062,1,0,0,2025-10-15,248.86566162109372
4,0.45,85,0.13607344888660083,1,0,0,2025-10-16,246.9792633056641
4,0.45,86,0.19414195550347482,1,0,1,2025-10-17,251.81002807617188
4,0.45,87,0.22574264508560565,1,0,1,2025-10-20,261.7411193847656
4,0.45,88,0.22772546143857886,1,0,1,2025-10-21,262.27008056640625
4,0.45,89,0.21996811566199714,1,0,0,2025-10-22,257.9583435058594
4,0.45,90,0.219451878466536,1,0,0,2025-10-23,259.0861511230469
4,0.45,91,0.21910722971291424,1,0,0,2025-10-24,262.3200378417969
4,0.45,92,0.2530328649685395,0,0,1,2025-10-27,268.2986145019531
4,0.45,93,0.23475373397565155,1,0,0,2025-10-28,268.4882507324219
4,0.45,94,0.22220868125312185,0,0,1,2025-10-29,269.1869201660156
4,0.45,95,0.16997469040261207,0,0,0,2025-10-30,270.8836669921875
4,0.45,96,0.17725976211173308,0,0,0,2025-10-31,269.85565185546875
4,0.45,97,0.17515122362547458,0,0,0,2025-11-03,268.53814697265625
4,0.45,98,0.19202530105457005,1,0,0,2025-11-04,269.5262756347656
4,0.45,99,0.18827626232605277,1,0,0,2025-11-05,269.6260986328125
4,0.45,100,0.19512078124527046,1,0,0,2025-11-06,269.2567749023437
4,0.45,101,0.20766807967701806,1,0,0,2025-11-07,267.9592590332031
4,0.45,102,0.23151242760177354,0,0,0,2025-11-10,269.1781311035156
4,0.45,103,0.24027609796920862,0,0,0,2025-11-11,274.99267578125
4,0.45,104,0.21443020203171262,0,0,0,2025-11-12,273.21435546875
4,0.45,105,0.2147607395312146,0,0,0,2025-11-13,272.6948547363281
4,0.45,106,0.21387826901469797,0,0,0,2025-11-14,272.15533447265625
4,0.45,107,0.15085754202631643,1,0,0,2025-11-17,267.2099609375
4,0.45,108,0.15196407276018511,1,0,0,2025-11-18,267.19000244140625
4,0.45,109,0.17272440514940668,1,0,0,2025-11-19,268.3089294433594
4,0.45,110,0.1310792166449043,1,0,0,2025-11-20,266.0010986328125
4,0.45,111,0.19498205408475364,1,0,0,2025-11-21,271.2361755371094
4,0.45,112,0.2491316560786587,1,0,1,2025-11-24,275.6620788574219
4,0.45,113,0.2435604090573671,1,0,0,2025-11-25,276.7110900878906
4,0.45,114,0.22817645950399926,1,0,0,2025-11-26,277.29052734375
4,0.45,115,0.2127681912784046,0,0,0,2025-11-28,278.5893249511719
4,0.45,116,0.21783172401743292,0,0,0,2025-12-01,282.8353576660156
4,0.45,117,0.24188914591315755,0,0,1,2025-12-02,285.9224548339844
4,0.45,118,0.1993599283181333,0,0,0,2025-12-03,283.8843688964844
4,0.45,119,0.1941894208133598,0,0,0,2025-12-04,280.4375915527344
4,0.5,0,0.521752984676462,1,1,0,2025-06-16,197.81802368164065
4,0.5,1,0.523325311112465,1,1,0,2025-06-17,195.0464630126953
4,0.5,2,0.3971072318326875,1,0,0,2025-06-18,195.9835968017578
4,0.5,3,0.36453266461032086,0,0,0,2025-06-20,200.3902130126953
4,0.5,4,0.3868269719012934,1,0,0,2025-06-23,200.888671875
4,0.5,5,0.35570620448971546,1,0,0,2025-06-24,199.6923065185547
4,0.5,6,0.3843255243963299,1,0,0,2025-06-25,200.948486328125
4,0.5,7,0.3900647616755032,1,0,0,2025-06-26,200.3902130126953
4,0.5,8,0.37597001658496704,1,0,0,2025-06-27,200.469970703125
4,0.5,9,0.3809212302039605,1,0,0,2025-06-30,204.5475311279297
4,0.5,10,0.39744323201305887,1,0,0,2025-07-01,207.18951416015625
4,0.5,11,0.43999377707180465,0,0,0,2025-07-02,211.7954864501953
4,0.5,12,0.47693894149145316,0,0,0,2025-07-03,212.9021148681641
4,0.5,13,0.3619762943747892,0,0,0,2025-07-07,209.31304931640625
4,0.5,14,0.3782855687387727,0,0,0,2025-07-08,209.3728485107422
4,0.5,15,0.4323207999755821,0,0,0,2025-07-09,210.4994354248047
4,0.5,16,0.45219029390583076,0,0,0,2025-07-10,211.7655792236328
4,0.5,17,0.42575840967199474,0,0,0,2025-07-11,210.51937866210935
4,0.5,18,0.34456960063124165,1,0,0,2025-07-14,207.987060546875
4,0.5,19,0.37986716735244236,1,0,0,2025-07-15,208.4755859375
4,0.5,20,0.38586149810786274,1,0,0,2025-07-16,209.52239990234372
4,0.5,21,0.3875849591085775,1,0,0,2025-07-17,209.38282775878903
4,0.5,22,0.42482961277726833,1,0,0,2025-07-18,210.539306640625
4,0.5,23,0.44801773110629123,1,0,0,2025-07-21,211.8353576660156
4,0.5,24,0.5003179129735672,0,1,0,2025-07-22,213.74952697753903
4,0.5,25,0.50118956748531,0,1,0,2025-07-23,213.5002899169922
4,0.5,26,0.4561898925031778,0,0,0,2025-07-24,213.11148071289065
4,0.5,27,0.5004870705952968,0,1,0,2025-07-25,213.23110961914065
4,0.5,28,0.5082985089368737,0,1,0,2025-07-28,213.40061950683597
4,0.5,29,0.38909708450388825,0,0,0,2025-07-29,210.6290435791016
4,0.5,30,0.36608920927490274,1,0,0,2025-07-30,208.4157867431641
4,0.5,31,0.3951657428147497,1,0,0,2025-07-31,206.9402618408203
4,0.5,32,0.5106879796478412,1,1,0,2025-08-01,201.76600646972656
4,0.5,33,0.48972351883449305,1,0,0,2025-08-04,202.7330780029297
4,0.5,34,0.4942778681588041,1,0,0,2025-08-05,202.3043670654297
4,0.5,35,0.3799926360468377,1,0,0,2025-08-06,212.60302734375
4,0.5,36,0.4482352800621362,1,0,0,2025-08-07,219.36245727539065
4,0.5,37,0.43618470037018475,1,0,0,2025-08-08,228.6541748046875
4,0.5,38,0.49159554878713263,1,0,0,2025-08-11,226.747802734375
4,0.5,39,0.49035520495050133,1,0,0,2025-08-12,229.21310424804688
4,0.5,40,0.4360804033077964,0,0,0,2025-08-13,232.88612365722656
4,0.5,41,0.4519639998048169,0,0,0,2025-08-14,232.337158203125
4,0.5,42,0.44996450965654733,0,0,0,2025-08-15,231.1494140625
4,0.5,43,0.4494981225997131,0,0,0,2025-08-18,230.4507598876953
4,0.5,44,0.44187786638829324,0,0,0,2025-08-19,230.1213836669922
4,0.5,45,0.47889064235269957,1,0,0,2025-08-20,225.5800323486328
4,0.5,46,0.4605787598778333,1,0,0,2025-08-21,224.4721527099609
4,0.5,47,0.4667971865925635,1,0,0,2025-08-22,227.3267059326172
4,0.5,48,0.44326213341919884,1,0,0,2025-08-25,226.72784423828125
4,0.5,49,0.47089271771585584,1,0,0,2025-08-26,228.87376403808597
4,0.5,50,0.485155968665584,1,0,0,2025-08-27,230.0515289306641
4,0.5,51,0.5170602426805827,1,1,0,2025-08-28,232.1175842285156
4,0.5,52,0.47457452314905785,1,0,0,2025-08-29,231.6983795166016
4,0.5,53,0.4718510933261721,1,0,0,2025-09-02,229.28298950195312
4,0.5,54,0.49103667711852866,0,0,0,2025-09-03,238.01634216308597
4,0.5,55,0.5117407371523383,0,1,0,2025-09-04,239.32383728027344
4,0.5,56,0.4944786902049692,0,0,0,2025-09-05,239.2340087890625
4,0.5,57,0.4441132329655448,0,0,0,2025-09-08,237.42745971679688
4,0.5,58,0.4356377678836935,1,0,0,2025-09-09,233.9041748046875
4,0.5,59,0.4375055063486879,1,0,0,2025-09-10,226.35855102539065
4,0.5,60,0.4204776072858595,1,0,0,2025-09-11,229.59239196777344
4,0.5,61,0.43010866665026015,1,0,0,2025-09-12,233.6247100830078
4,0.5,62,0.4597560060877137,1,0,0,2025-09-15,236.24969482421875
4,0.5,63,0.45738585309575197,1,0,1,2025-09-16,237.6969451904297
4,0.5,64,0.41510593924130607,1,0,0,2025-09-17,238.5353546142578
4,0.5,65,0.39567588238785034,1,0,0,2025-09-18,237.42745971679688
4,0.5,66,0.4621558137867913,1,0,1,2025-09-19,245.032958984375
4,0.5,67,0.41682189542174813,0,0,0,2025-09-22,255.5928192138672
4,0.5,68,0.4341155730417422,0,0,0,2025-09-23,253.9459686279297
4,0.5,69,0.44368045056710637,1,0,0,2025-09-24,251.8300018310547
4,0.5,70,0.4455350123208535,0,0,0,2025-09-25,256.3813171386719
4,0.5,71,0.46184346939896215,1,0,0,2025-09-26,254.97401428222656
4,0.5,72,0.4466109970004075,1,0,0,2025-09-29,253.9459686279297
4,0.5,73,0.44311636354123457,1,0,0,2025-09-30,254.1455993652344
4,0.5,74,0.44809263966858226,1,0,0,2025-10-01,254.9640350341797
4,0.5,75,0.42971686994383856,0,0,0,2025-10-02,256.6408386230469
4,0.5,76,0.24505162658516583,0,0,0,2025-10-03,257.5291442871094
4,0.5,77,0.24446927047625058,0,0,0,2025-10-06,256.20166015625
4,0.5,78,0.2484771904841777,0,0,0,2025-10-07,255.9920959472656
4,0.5,79,0.24036108812310833,0,0,0,2025-10-08,257.569091796875
4,0.5,80,0.24227811068446917,0,0,0,2025-10-09,253.55670166015625
4,0.5,81,0.18003878097023446,1,0,0,2025-10-10,244.80340576171875
4,0.5,82,0.16158559586677804,1,0,0,2025-10-13,247.18885803222656
4,0.5,83,0.15594693592569336,1,0,0,2025-10-14,247.29864501953125
4,0.5,84,0.16228824237155062,1,0,0,2025-10-15,248.86566162109372
4,0.5,85,0.13607344888660083,1,0,0,2025-10-16,246.9792633056641
4,0.5,86,0.19414195550347482,1,0,1,2025-10-17,251.81002807617188
4,0.5,87,0.22574264508560565,1,0,1,2025-10-20,261.7411193847656
4,0.5,88,0.22772546143857886,1,0,1,2025-10-21,262.27008056640625
4,0.5,89,0.21996811566199714,1,0,0,2025-10-22,257.9583435058594
4,0.5,90,0.219451878466536,1,0,0,2025-10-23,259.0861511230469
4,0.5,91,0.21910722971291424,1,0,0,2025-10-24,262.3200378417969
4,0.5,92,0.2530328649685395,0,0,1,2025-10-27,268.2986145019531
4,0.5,93,0.23475373397565155,1,0,0,2025-10-28,268.4882507324219
4,0.5,94,0.22220868125312185,0,0,1,2025-10-29,269.1869201660156
4,0.5,95,0.16997469040261207,0,0,0,2025-10-30,270.8836669921875
4,0.5,96,0.17725976211173308,0,0,0,2025-10-31,269.85565185546875
4,0.5,97,0.17515122362547458,0,0,0,2025-11-03,268.53814697265625
4,0.5,98,0.19202530105457005,1,0,0,2025-11-04,269.5262756347656
4,0.5,99,0.18827626232605277,1,0,0,2025-11-05,269.6260986328125
4,0.5,100,0.19512078124527046,1,0,0,2025-11-06,269.2567749023437
4,0.5,101,0.20766807967701806,1,0,0,2025-11-07,267.9592590332031
4,0.5,102,0.23151242760177354,0,0,0,2025-11-10,269.1781311035156
4,0.5,103,0.24027609796920862,0,0,0,2025-11-11,274.99267578125
4,0.5,104,0.21443020203171262,0,0,0,2025-11-12,273.21435546875
4,0.5,105,0.2147607395312146,0,0,0,2025-11-13,272.6948547363281
4,0.5,106,0.21387826901469797,0,0,0,2025-11-14,272.15533447265625
4,0.5,107,0.15085754202631643,1,0,0,2025-11-17,267.2099609375
4,0.5,108,0.15196407276018511,1,0,0,2025-11-18,267.19000244140625
4,0.5,109,0.17272440514940668,1,0,0,2025-11-19,268.3089294433594
4,0.5,110,0.1310792166449043,1,0,0,2025-11-20,266.0010986328125
4,0.5,111,0.19498205408475364,1,0,0,2025-11-21,271.2361755371094
4,0.5,112,0.2491316560786587,1,0,1,2025-11-24,275.6620788574219
4,0.5,113,0.2435604090573671,1,0,0,2025-11-25,276.7110900878906
4,0.5,114,0.22817645950399926,1,0,0,2025-11-26,277.29052734375
4,0.5,115,0.2127681912784046,0,0,0,2025-11-28,278.5893249511719
4,0.5,116,0.21783172401743292,0,0,0,2025-12-01,282.8353576660156
4,0.5,117,0.24188914591315755,0,0,1,2025-12-02,285.9224548339844
4,0.5,118,0.1993599283181333,0,0,0,2025-12-03,283.8843688964844
4,0.5,119,0.1941894208133598,0,0,0,2025-12-04,280.4375915527344
