timestamp,open,high,low,close,volume
,AAPL,AAPL,AAPL,AAPL,AAPL
2021-03-29,118.48657071923124,119.39238695881983,117.59049651669116,118.23332977294922,80819200
2021-03-30,116.98659687346046,117.26905645239088,115.76910253203405,116.78205871582031,85671900
2021-03-31,118.48657394561577,120.3079410804402,117.9995761138878,118.97357177734375,118323800
2021-04-01,120.44430093685868,120.9507753854183,119.30472042335516,119.80146026611328,75089100
2021-04-05,120.64884289146045,122.87929380413213,119.86964340519192,122.62605285644531,88651200
2021-04-06,123.21044576616356,123.82406033078875,122.3825509764638,122.92798614501953,80171300
2021-04-07,122.55785759372996,124.59350465582355,121.88579830959569,124.57402801513672,83466700
2021-04-08,125.59672494440802,126.99928093380576,125.17791398584798,126.97006225585938,88844600
2021-04-09,126.4246443564377,129.58038090088027,126.10322399320837,129.5414276123047,106686700
2021-04-12,129.07388434312833,129.39530463290586,127.23303349221449,127.8271713256836,91420000
2021-04-13,128.9960077236605,131.15827961533503,128.49926034784548,130.9342498779297,91266500
2021-04-14,131.43098018165665,131.48941754486856,128.2362755221187,128.59664916992188,87222800
2021-04-15,130.3400554559003,131.4893627521274,130.16472857733012,131.0023651123047,89347100
2021-04-16,130.80763872455088,131.1680124141945,129.81415884861858,130.67127990722656,84922400
2021-04-19,130.03812614844625,131.94716375459052,129.87254870669761,131.3335418701172,94264200
2021-04-20,131.50887932231677,132.00561168739057,128.3823471626382,129.64854431152344,94812300
2021-04-21,128.91808773896722,130.27194133858555,127.88565454440895,130.0284423828125,68847100
2021-04-22,129.58034294411806,130.66147844484067,127.99274053029319,128.5089569091797,84566500
2021-04-23,128.72326849315886,131.60628729046172,128.72326849315886,130.8271026611328,78657500
2021-04-26,131.32381490404939,131.54782970744535,130.0868364590517,131.2166748046875,66905100
2021-04-27,131.49913616765673,131.88874331170373,130.62254610203854,130.895263671875,66015800
2021-04-28,130.81732046769145,131.50886374451756,129.61931028089822,130.10630798339844,107760100
2021-04-29,132.92119413868548,133.50559750247544,129.00572727008065,130.00894165039062,151101000
2021-04-30,128.3531289693404,130.08683981317637,127.66160046998598,128.0414581298828,109839500
2021-05-03,128.60632513321372,130.58354914625434,128.4017944552361,129.09332275390625,75135100
2021-05-04,127.77848641989287,128.070688075214,123.40524078183631,124.52533721923828,137564700
2021-05-05,125.84022317213565,127.05771762012843,124.64221279666873,124.76883697509766,84000900
2021-05-06,124.56429785702491,126.37593028448455,123.8240591134078,126.36619567871094,78128300
2021-05-07,127.66379828936026,128.06380344320834,126.32714777247271,127.03938293457031,78973300
2021-05-10,126.25886899143829,126.38569336703041,123.7221730582719,123.76119995117188,88071200
2021-05-11,120.49275831659119,123.19530516720471,119.78053064001386,122.84407806396484,126142800
2021-05-12,120.39519702699735,121.60500079746393,119.27319817304675,119.78053283691406,112172300
2021-05-13,121.54645335187067,123.07822323359044,121.23424571494745,121.92695617675781,105861300
2021-05-14,123.17578845259833,124.77585354473081,122.78552704006465,124.34656524658203,81918000
2021-05-17,123.73194592296774,123.83926802992457,122.12212176223487,123.1953353881836,74244600
2021-05-18,123.47825121325309,123.89778097564653,121.7415955505699,121.80989074707031,63342900
2021-05-19,120.16105765432343,121.87819629608094,119.86835967667767,121.65380096435547,92612000
2021-05-20,122.18065274217139,124.61001915730156,122.05381347828964,124.20999908447266,76857100
2021-05-21,124.70757329750661,124.88319058200729,122.16112639405591,122.37577056884766,79295400
2021-05-24,122.94166434682049,124.82466923282675,122.87336914136405,124.00511932373047,63092900
2021-05-25,124.7075784829674,125.19541091008112,123.24410353248182,123.80998229980469,72009500
2021-05-26,123.86852204574208,124.28805183989326,123.3416701570207,123.76119995117188,56575900
2021-05-27,123.36118872845968,124.5319657543007,122.03430412924318,122.22943115234375,94625600
2021-05-28,122.51236771666937,122.73677048730885,121.51720801205188,121.57574462890625,71311100
2021-06-01,122.03429950032661,122.29772171588232,120.92205913488071,121.25377655029297,67637100
2021-06-02,121.25377238108098,122.19039542274523,121.02937706510446,122.01477813720703,59278900
2021-06-03,121.64403199734149,121.80989069682863,120.13177164794705,120.53179168701172,76229200
2021-06-04,121.04888711847525,123.08799935298282,120.83424294183042,122.82456970214844,75169300
2021-06-07,123.09776519522116,123.2441141916509,121.79039769931899,122.83434295654297,71057600
2021-06-08,123.51727923465421,125.33199613747028,123.13677635872094,123.65386962890625,74403800
2021-06-09,124.1124318358548,124.63928371308171,123.43923097435068,124.03437805175781,56877900
2021-06-10,123.92704498219538,125.0685610035486,122.87334876469549,123.0392074584961,71186400
2021-06-11,123.44899833208643,124.33684344114933,123.02946851727127,124.24903106689453,53522400
2021-06-14,124.70756306020407,127.36132438958391,123.97582567545629,127.30278778076172,96906500
2021-06-15,126.77594378180441,127.41987625518645,126.23933338731938,126.48324584960938,62746300
2021-06-16,127.19547914078684,127.70282128290683,125.33199905171192,126.9808349609375,91815000
2021-06-17,126.63933814390342,129.3223749059046,126.49298175181782,128.58087158203125,96721700
2021-06-18,127.52722244492858,128.30773056203458,127.06866573814787,127.28330993652344,108953300
2021-06-21,127.12720634134745,129.18582857227696,126.06375134431808,129.07850646972656,79663300
2021-06-22,128.912661708904,130.8151765627034,128.41507059443637,130.7176055908203,74783600
2021-06-23,130.51271488266488,131.0493254021088,129.98585550457855,130.4444122314453,60214200
2021-06-24,131.1761533209972,131.36152922245495,129.69316099657445,130.16148376464844,68711000
2021-06-25,130.2102425761428,130.6297648884673,129.57606120699057,129.86875915527344,70783700
2021-06-28,130.1614721527149,131.9566646084623,130.1029355337376,131.49810791015625,62111300
2021-06-29,131.51761747124857,133.16646828417475,131.07857796707717,133.01036071777344,64556100
2021-06-30,132.85424351014055,134.06405473109936,132.5615455661884,133.62501525878906,63261400
2021-07-01,133.27382165358517,133.98604212249344,132.45426418125246,133.92750549316406,52485800
2021-07-02,134.54213509862615,136.59100614570704,134.39579354693674,136.55198669433594,78852600
2021-07-06,136.65931393358588,139.6643030810213,136.65931393358588,138.56182861328125,108181800
2021-07-07,140.04481034204434,141.36194394640904,139.18624836793538,141.04974365234375,104911600
2021-07-08,138.13250812343543,140.5521155930635,137.2446631833098,139.75209045410156,105575500
2021-07-09,139.27401905419063,142.1033977245654,139.17644811221814,141.57655334472656,99890800
2021-07-12,142.64976728517905,142.7570893612842,140.49357462424308,140.9813995361328,76299700
2021-07-13,140.52287651879445,143.8693639556699,140.1326224508896,142.0936737060547,100827100
2021-07-14,144.49378305932458,145.92798987044893,144.08399692422722,145.51820373535156,127050800
2021-07-15,145.6059901139749,146.34747864637848,143.50833398770226,144.86448669433594,106820300
2021-07-16,144.8449961921481,146.1133292004128,142.32781756831105,142.8253936767578,93251400
2021-07-19,140.24965567301865,140.56187074804143,138.22030234707313,138.98130798339844,121434600
2021-07-20,139.96679140907298,143.51815772342314,139.478966284095,142.59127807617188,96350000
2021-07-21,141.98635160042446,142.57174758950413,141.10827250404336,141.85951232910156,74993500
2021-07-22,142.38635852395822,144.59132208932277,142.25951926436974,143.2254180908203,77338200
2021-07-23,143.9571344380385,145.09864294509043,143.3424702853048,144.94253540039062,71447400
2021-07-26,144.6596219111436,146.18163344756866,144.10349429509156,145.36209106445312,72434100
2021-07-27,145.48892025406204,145.5767400665626,142.00585756681636,143.19615173339844,104818600
2021-07-28,141.28386358886817,143.39127100475073,139.06913408549428,141.44972229003906,118931200
2021-07-29,141.16680912935195,142.9815188308623,141.05948702759235,142.0936737060547,56699500
2021-07-30,140.8643309559415,142.7668451974614,140.60090132642787,142.30828857421875,70440600
2021-08-02,142.79613544954273,143.37176538004852,141.71316334757606,141.97659301757812,62880000
2021-08-03,142.25952902121162,144.43522442777342,141.64486473611035,143.77178955078125,64786600
2021-08-04,143.68394969989515,144.19127687526958,142.7180510419496,143.37173461914062,56368300
2021-08-05,143.40101116673,144.24007063545545,142.6107371680816,143.47906494140625,46397700
2021-08-06,143.0002897194494,143.74288917370467,142.296768169296,142.7950897216797,54126800
2021-08-09,142.853744492803,143.34230040071924,142.18931561461758,142.7462615966797,48908700
2021-08-10,143.0882262269222,144.3291621434574,141.97431959044943,142.2674560546875,69023100
2021-08-11,142.70715322469806,143.36181621242878,142.19905101424288,142.52149963378906,48493500
2021-08-12,142.84396383015653,145.6385039280885,142.50196876649986,145.48216247558594,72282600
2021-08-13,145.56033337689462,146.01957707570978,144.8763581583002,145.68736267089844,59375000
2021-08-16,145.14021253550032,147.72956832789293,143.11759841201288,147.66116333007812,103296000
2021-08-17,146.79147353422863,148.2082823920191,145.67756689112312,146.7523956298828,92229700
2021-08-18,146.37135309386304,147.27029417589944,142.80488601790597,143.0100860595703,86326000
2021-08-19,141.71051038649435,144.61253336364982,141.1926423719419,143.34228515625,86960300
2021-08-20,144.0653838336242,145.10112008303318,143.42048638829777,144.7982177734375,60549600
2021-08-23,144.91542102572143,146.75239563031982,144.50503593715925,146.28338623046875,60131800
2021-08-24,146.02937310982574,147.40710449199298,145.73623655262395,146.1954803466797,48606400
2021-08-25,146.3811342523207,146.87947087329786,144.41714466186295,144.96432495117188,58991300
2021-08-26,144.95452843061085,145.70689371393732,144.13374326132688,144.16305541992188,48597200
2021-08-27,144.1044163600025,145.3453522818871,143.4692997760321,145.19879150390625,55802400
2021-08-30,145.58966053577964,149.97689795560206,145.20858752404757,149.6153564453125,90956700
2021-08-31,149.1658935130071,149.30268857096087,147.82724018566304,148.35488891601562,86453100
2021-09-01,149.3319699829077,151.43275399237308,148.85317992388826,149.019287109375,80313700
2021-09-02,150.34817499884036,151.17872592141705,148.91181958328025,150.13320922851562,71115500
2021-09-03,150.24069238740682,151.09078972052774,149.5860293255129,150.76834106445312,57808700
2021-09-07,151.42297416263037,153.66055299380585,150.85624768920798,153.10360717773438,82278300
2021-09-08,153.38705510716312,153.4456794483326,150.4557187723083,151.5598602294922,74420200
2021-09-09,151.93110647020356,152.53691096459315,150.4263460744376,150.54360961914062,57305700
2021-09-10,151.45233157203938,151.92134106933233,145.2965241455898,145.5603485107422,140893200
2021-09-13,147.18234237769772,147.95425407222461,145.34536758274155,146.12705993652344,102404300
2021-09-14,146.9087364700221,147.61225802171091,143.54747014740659,144.72976684570312,109296300
2021-09-15,145.1596833999334,146.01954629895556,143.01980680957314,145.61892700195312,83281300
2021-09-16,145.0424954824605,145.5603636061977,143.85041774982722,145.3844757080078,68034100
2021-09-17,145.41377207009813,145.41377207009813,142.42379770872697,142.71693420410156,129868800
2021-09-20,140.50869758793672,141.5248874282257,138.03660561412693,139.6683807373047,123478900
2021-09-21,140.6356810985669,141.29035906389458,139.51200859720305,140.14712524414062,75834000
2021-09-22,141.14379903633161,143.07847626004042,140.41096517330857,142.5117645263672,76404300
2021-09-23,143.29344195401745,143.71360778815728,142.30656438659437,143.46932983398438,64838200
2021-09-24,142.32611071447462,144.09468071612673,142.22839356904527,143.55726623535156,53477900
2021-09-27,142.14044174425882,142.61923184992318,140.52821338546616,142.042724609375,74150700
2021-09-28,139.9712831876772,141.43695107445913,138.4469909709511,138.66195678710938,108972300
2021-09-29,139.2091064976362,141.14378350850296,138.77917495976774,139.5608673095703,74602000
2021-09-30,140.3719181066425,141.07543996250251,138.0463866992416,138.2613525390625,89056700
2021-10-01,138.65217582382982,139.64883415934378,135.92604012055145,139.385009765625,94639600
2021-10-04,138.5153346198599,138.95504676613083,135.10522468851968,135.95530700683594,98322000
2021-10-05,136.2973477353653,138.98440552812323,136.17031841410787,137.88026428222656,80861100
2021-10-06,136.27775625309343,138.8964081885175,135.20292752763442,138.74984741210938,83221100
2021-10-07,139.78561391612965,140.91906720020722,139.4533994772065,140.01034545898438,61732700
2021-10-08,140.73341358342566,140.87997439192273,139.2970580219821,139.6292724609375,58773200
2021-10-11,139.0137022391212,141.49555969160025,138.56422424355534,139.5413360595703,64452200
2021-10-12,139.95175205044632,139.9712984657428,137.8118743166468,138.2711181640625,73035900
2021-10-13,138.00727840066958,138.163604960137,136.01396194464323,137.68482971191406,78762700
2021-10-14,138.85736070158842,140.58685278975153,138.27108764845218,140.46958923339844,69907100
2021-10-15,140.47935479013262,141.58348088448486,140.22529620330172,141.5248565673828,67940300
2021-10-18,140.16667221392322,143.47908032380766,139.88331637742027,143.1957244873047,85589200
2021-10-19,143.64521771748375,145.75578303894451,143.195754584487,145.35516357421875,76378900
2021-10-20,145.29650879090318,146.32247907181252,144.7297822080243,145.84368896484375,58418800
2021-10-21,145.40402210693284,146.2150267878781,144.48553451864436,146.05868530273438,61421000
2021-10-22,146.26383951681254,146.7426146643611,145.23786934278849,145.28672790527344,58883400
2021-10-25,145.27696242983234,145.95117189778182,144.24122639888336,145.23788452148438,50720600
2021-10-26,145.91209424092938,147.38752756365847,145.5994113354405,145.90232849121094,60893400
2021-10-27,145.94140632392705,146.30293288736218,145.09132390307514,145.44308471679688,56094900
2021-10-28,146.39091463893837,149.66423061689264,146.29319748336883,149.07797241210938,100077900
2021-10-29,143.85043286471236,146.50817875349358,143.05897451355807,146.3713836669922,124953200
2021-11-01,145.57991030936387,146.2736514231289,144.41714473918745,145.55059814453125,74588300
2021-11-02,145.25744630214584,148.10084526807523,145.24766564186768,146.58631896972656,69122000
2021-11-03,146.94783044977856,148.49166875101167,146.39088452432864,148.0226593017578,54511500
2021-11-04,148.11059575284676,148.94113176601576,147.192108353955,147.50479125976562,60394600
2021-11-05,148.6301118041856,148.9334561453401,146.83938576662882,148.033203125,65463900
2021-11-08,148.1603949099799,148.31696452355757,146.93722280009231,147.21121215820312,55020900
2021-11-09,146.97636409239348,148.17996131979666,146.8393694074151,147.57327270507812,56787900
2021-11-10,146.8002509889988,146.9078907486886,144.67682566721112,144.7453155517578,65187100
2021-11-11,145.7630135429795,146.22291262356347,144.51047128224292,144.69639587402344,41000000
2021-11-12,145.2443426792842,147.1720631299846,144.3147348567186,146.7708740234375,63804000
2021-11-15,147.1427090779816,148.6203105600799,146.22288125155492,146.78065490722656,59222800
2021-11-16,146.72195341819835,148.23868992516853,146.13482479249984,147.7592010498047,59256200
2021-11-17,147.7592208106454,151.67337235529826,147.7494408070529,150.19578552246094,88807000
2021-11-18,150.41104477831504,155.26458367795593,149.76520627698585,154.48175048828125,137827700
2021-11-19,154.2664794451428,157.5641620110988,153.1705218782956,157.104248046875,117305600
2021-11-22,158.20998681834752,162.14371301680876,157.54458827093626,157.5641632080078,117467900
2021-11-23,157.66200120676388,158.3274146566765,155.64621578340464,157.94578552246094,96041900
2021-11-24,157.29995411244806,158.66012108108276,156.2137765381209,158.46441650390625,69463600
2021-11-26,156.14527755829806,157.00638063396804,153.00416477836077,153.4445037841797,76959800
2021-11-29,155.94955010034442,157.7304958999759,155.38199643665857,156.80088806152344,88748200
2021-11-30,156.55627065978888,161.9675835913138,156.48776584559891,161.75230407714844,174048100
2021-12-01,163.88551760970591,166.64500155872992,160.99883389139347,161.2336883544922,152052500
2021-12-02,155.33312660558886,160.6759356934568,154.41329850184846,160.24537658691406,136739200
2021-12-03,160.4997512359703,161.41957902573364,156.29203631008477,158.3665313720703,118023100
2021-12-06,160.7639885662799,164.27695105253582,160.75420856233345,161.7718963623047,107497000
2021-12-07,165.45116789916563,167.89751232351225,164.72704457429052,167.50608825683594,120405400
2021-12-08,168.4357343791699,172.18353634737676,167.03641741062992,171.32241821289062,116998900
2021-12-09,171.15609292085742,172.95659933894896,170.1873348816804,170.8135986328125,108923700
2021-12-10,171.4496265464153,175.77476213435622,170.94078267392138,175.59861755371094,115402700
2021-12-13,177.232738467209,178.22107107247726,171.7627164613835,171.9682159423828,153237000
2021-12-14,171.48872330598167,173.92528743178815,168.51397541726456,170.58847045898438,139380400
2021-12-15,171.35176719309973,175.6475478496639,168.6118581679586,175.45184326171875,131063300
2021-12-16,175.4322831196354,177.25236431050817,167.08535557027756,168.5629425048828,150185800
2021-12-17,166.2829122189755,169.74694420568176,166.0480727156741,167.46694946289062,195432700
2021-12-20,164.66835958996737,166.91899978685493,163.86596626176092,166.1068115234375,107499100
2021-12-21,167.87792030585337,169.48272148768493,165.49028600162353,169.27723693847656,91185900
2021-12-22,169.32617236411534,172.08565609490324,168.45527432954148,171.87037658691406,92135300
2021-12-23,172.07589419886108,173.05443209039555,171.50834043001467,172.4966583251953,68356600
2021-12-27,173.2892490658333,176.54778161213417,173.26968906108772,176.459716796875,74919600
2021-12-28,176.293354548695,177.4382418590108,174.69833332933095,175.4420166015625,79144300
2021-12-29,175.48122148088493,176.753323868227,174.31675887088656,175.5301513671875,62348900
2021-12-30,175.61818975957434,176.69458737092964,174.26780274374727,174.3754425048828,59773000
2021-12-31,174.2677857929612,175.38331824017646,173.45559766181222,173.7589569091797,64062300
2022-01-03,174.01341699489652,178.95503695678516,173.89599721111708,178.10369873046875,104487900
2022-01-04,178.7104011040544,179.01374549739828,175.27572314138067,175.84327697753906,99310400
2022-01-05,175.75516158524204,176.3031403228598,170.8918278919333,171.1658172607422,94537600
2022-01-06,168.99347567343597,171.53767993498516,167.95622799076347,168.30850219726562,96904000
2022-01-07,169.1793866130696,170.40255876885018,167.3593058480161,168.47483825683594,86709100
2022-01-10,165.45114734140734,168.79774430633347,164.5606744980765,168.49440002441406,106765600
2022-01-11,168.62165897014336,171.42026304461638,167.1538521125257,171.32241821289062,76138300
2022-01-12,172.3400901249927,173.3773379097134,171.06800280036754,171.76275634765625,74805200
2022-01-13,172.0073465977702,172.82931463870656,168.10297600637327,168.49440002441406,84505800
2022-01-14,167.6626336785782,170.05026788105346,167.41799927146064,169.3555145263672,80440800
2022-01-18,167.82899175117316,168.836884364845,165.7740715864879,166.15570068359375,90956700
2022-01-19,166.35143003303915,167.40825267441707,162.37856885772902,162.66233825683594,94815000
2022-01-20,163.3962221186515,166.0382709410417,160.6563135530504,160.97923278808594,91420500
2022-01-21,160.89115642180548,162.76016689126735,158.81666141018044,158.92430114746094,122848900
2022-01-24,156.58562410189697,158.81668910799385,151.37979580013618,158.15127563476562,162294600
2022-01-25,155.56793581393717,159.26680751652682,153.65001008067688,156.35076904296875,115798400
2022-01-26,159.99093736491258,160.8618354481178,154.43284958250229,156.26271057128906,108275300
2022-01-27,158.96346843901696,160.32363543352318,154.88296745549835,155.80279541015625,121954600
2022-01-28,162.15352186578443,166.6939371213685,159.3059729952558,166.6743621826172,179935700
2022-01-31,166.5080288685089,171.24414918238276,165.87197021276285,171.02886962890625,115541600
2022-02-01,170.27537434014533,171.08756258764447,168.61186289898112,170.8625030517578,86213900
2022-02-02,170.99949834473722,172.10525095182186,169.6099763158955,172.06610107421875,84914300
2022-02-03,170.73526997176376,172.45750604377838,168.4259201826274,169.18917846679688,89418100
2022-02-04,168.20939100229583,170.5804825811808,167.22960653014735,168.90504455566406,82465400
2022-02-07,169.36555780513737,170.43351937589156,167.49416572772904,168.1898193359375,77251200
2022-02-08,168.25840756625686,171.80523803495097,167.96446919200875,171.29574584960938,74829200
2022-02-09,172.49106914991745,173.07893089654075,171.36430797248656,172.71641540527344,71285000
2022-02-10,170.61968723864308,171.93259499604034,168.08204874852603,168.64051818847656,90865900
2022-02-11,168.8462728505392,169.58111126110254,164.64298876993468,165.23086547851562,98670700
2022-02-14,163.98656469090872,166.15189551198674,163.19294145546075,165.46604919433594,86185500
2022-02-15,167.5137664381475,169.45373566949445,166.80832036305304,169.29696655273438,62527400
2022-02-16,168.37596721528965,169.83583650795123,166.612352178537,169.0618133544922,61177400
2022-02-17,167.5725803736195,168.43479571599676,165.06433386888028,165.46604919433594,69589300
2022-02-18,166.38699918366942,167.0924302194162,162.83037691642315,163.91793823242188,82772700
2022-02-22,161.64483056360834,163.32026851174712,158.872038841447,160.99818420410156,91162800
2022-02-23,162.19352949330056,162.7911986729469,156.52058346872764,156.83412170410156,90009200
2022-02-24,149.49552020889521,159.55791116992768,148.9272434071185,159.45013427734375,141147500
2022-02-25,160.5279097890242,161.78203291625664,157.617948249187,161.5175018310547,91974200
2022-02-28,159.76365924798694,162.07595128148682,159.14639022474867,161.78201293945312,95056600
2022-03-01,161.37049453342058,163.23209394256236,158.69568719407653,159.90081787109375,83474400
2022-03-02,161.06680119053394,163.97676285442304,159.6559088746692,163.19293212890625,79724800
2022-03-03,165.06429046074288,165.49539801856008,162.20332160924863,162.86956787109375,76678400
2022-03-04,161.16476749621853,162.20333673673338,158.82308299816066,159.87144470214844,83737200
2022-03-07,160.05760426701897,161.6840502038395,155.82492784594277,156.07968139648438,96418800
2022-03-08,155.6094012673305,159.58732445146612,152.65044751471495,154.25729370117188,131148300
2022-03-09,158.21559935544633,160.10659124427465,156.1874531828048,159.6558837890625,91454900
2022-03-10,156.96152201092795,157.14768351502929,152.8268289578217,155.31549072265625,105342000
2022-03-11,155.71715834467904,156.06008893270172,151.37671976951566,151.60206604003906,96970100
2022-03-14,148.38837253642478,151.00439558659642,147.06567231572745,147.5751495361328,108732100
2022-03-15,147.8494883910694,152.4250955746164,147.34001116939965,151.9547882080078,92964300
2022-03-16,153.8751690879972,156.76553056777536,151.3375306500096,156.3638153076172,102300200
2022-03-17,155.4035941882953,157.74527815418617,154.44340972475143,157.37295532226562,75615400
2022-03-18,157.2652009907308,161.1549465596943,156.53036263312293,160.66505432128906,123511700
2022-03-21,160.20453623420445,162.98713519470292,159.71464405141342,162.0367431640625,95811400
2022-03-22,162.1641422669517,165.99510360566663,161.57628048257416,165.40724182128906,81532000
2022-03-23,164.5940116285297,169.15000379737148,164.2608735199057,166.76913452148438,98062700
2022-03-24,167.60192566241446,170.61966356312797,166.76911784992285,170.55108642578125,90131400
2022-03-25,170.3649271443604,171.73661941189775,169.2577659174967,171.1879425048828,80546200
2022-03-28,168.6894722365633,172.17750218202073,168.52291068864233,172.05014038085938,90371900
2022-03-29,173.11812439551318,175.39121664425457,172.7751938429614,175.3422393798828,100589400
2022-03-30,174.94053078604693,175.979099995584,173.12792342578476,174.17630004882812,92633200
2022-03-31,174.2448693810398,174.4310308254092,170.8744083575564,171.08016967773438,103049300
2022-04-01,170.51191638497735,171.3447392929013,168.46417011530542,170.7862548828125,78751300
2022-04-04,171.04097225778014,174.88172536504146,170.91359549990895,174.83273315429688,76468400
2022-04-05,173.9117334912033,174.695564012496,170.89399570193683,171.52105712890625,73401800
2022-04-06,168.87566890286308,170.11999949152553,166.69075350018778,168.35638427734375,89058800
2022-04-07,167.69992580849703,169.85544881098227,166.41641045043957,168.6601104736328,77594700
2022-04-08,168.30738857225097,168.30738857225097,165.77954264267717,166.65155029296875,76575500
2022-04-11,165.29946088886413,165.61298417615765,162.1543458504195,162.3992919921875,72246700
2022-04-12,164.62342926631288,166.43602198876223,163.27132159796375,164.2707061767578,79265200
2022-04-13,164.00608549379743,167.58229203672948,163.3986240411064,166.95523071289062,70618900
2022-04-14,167.17083120352376,167.80770011623432,161.70363174912274,161.94857788085938,75329400
2022-04-18,160.60628625032533,163.23211669383912,160.2633706181813,161.73304748535156,69023900
2022-04-19,161.68402299396155,164.4274222551572,160.59646173132168,164.01589965820312,67723800
2022-04-20,165.34844979022682,165.46603411276996,162.7422340206999,163.84938049316406,67929800
2022-04-21,165.49542471534926,168.06245565058305,162.5560708382442,163.05575561523438,87227800
2022-04-22,163.09495550660975,164.4764404677371,158.2352171809879,158.51934814453125,84882400
2022-04-25,157.862880430984,159.87144172970685,155.2566649146805,159.58731079101562,96046400
2022-04-26,158.9700412464134,159.0582182667308,153.55183394880203,153.63021850585938,95623200
2022-04-27,152.7582001127346,156.55975368530983,152.2389155403168,153.4048614501953,88063200
2022-04-28,156.0306565149034,161.19412418503478,155.71711834920524,160.3319091796875,130216800
2022-04-29,158.56834326506834,162.84020491275837,154.071135335253,154.46304321289062,131747600
2022-05-02,153.54206903484993,155.03133103517357,150.17160722826696,154.7667999267578,123055300
2022-05-03,154.95291204808,157.46117291588328,153.15991957685017,156.2560272216797,88966500
2022-05-04,156.44221048032446,163.11454143572888,156.04049519291306,162.66384887695312,108256500
2022-05-05,160.53770657596968,160.76305283929582,151.8176149978829,153.600830078125,130525300
2022-05-06,153.0807759379822,156.44638259515347,151.28513392702433,154.32693481445312,116124600
2022-05-09,152.0210492953049,152.90416000742098,148.6456508199546,149.20494079589844,131577900
2022-05-10,152.5999477156594,153.79704209180267,150.05856639249635,151.60890197753906,115366700
2022-05-11,150.6179132038416,152.53129738037643,143.07229678522884,143.7493438720703,142689800
2022-05-12,140.08937970466798,143.45497143936288,136.19391853080884,139.88331604003906,182602000
2022-05-13,141.8751960845671,145.31930242919321,140.422988536555,144.34788513183594,113990900
2022-05-16,142.8171643521235,144.7501769403197,141.4728772141811,142.80734252929688,86643800
2022-05-17,146.0650115425021,146.95792901438662,143.9259353445969,146.43788146972656,78336300
2022-05-18,144.09274359887067,144.59316242526515,137.27322514239307,138.17596435546875,109742900
2022-05-19,137.25364468817165,139.00022255113117,134.03523053806913,134.77114868164062,136095600
2022-05-20,136.47847391127468,138.05824551298795,130.12014512321653,135.0066375732422,137426100
2022-05-23,135.20285452842407,140.57015125059797,135.0654837610607,140.4229736328125,117726300
2022-05-24,138.16617251433556,139.30439614103204,134.7515166065387,137.72462463378906,104132700
2022-05-25,135.83083742178036,139.12775081330722,135.7425308510417,137.88160705566406,92482700
2022-05-26,134.81037721904417,141.62988165478208,134.56507119637524,141.0803985595703,90601500
2022-05-27,142.6601509529846,146.86959515379783,142.53258704704527,146.83035278320312,90978500
2022-05-31,146.27108722583742,147.8312299883083,144.08294665114528,146.04539489746094,103718400
2022-06-01,147.08547543452738,148.89093902040028,144.90715690011942,145.91783142089844,74286600
2022-06-02,145.05433838348728,148.42975116841052,144.10254995382152,148.37088012695312,72348100
2022-06-03,144.14180991397814,145.19172685572278,141.7476357595722,142.65036010742188,88570300
2022-06-06,144.26934578263374,145.78043894130977,142.179334128492,143.39605712890625,71598400
2022-06-07,141.63969407079793,146.20237980048756,141.39438806442126,145.91783142089844,67808200
2022-06-08,145.79025407304024,147.0560263615052,144.69128805686674,145.18190002441406,53950200
2022-06-09,144.3184289860741,145.17208908244996,139.85385675234653,139.9617919921875,69473000
2022-06-10,137.6461172993445,138.11710068108783,134.48657445941151,134.55526733398438,91437900
2022-06-13,130.37522601482007,132.6614796951245,128.9720829038409,129.40382385253906,122207100
2022-06-14,130.63033595491132,131.37606069096353,129.0113076188741,130.26727294921875,84784300
2022-06-15,131.76856647591572,134.76130271815364,129.67856950370555,132.8871612548828,91533000
2022-06-16,129.60009621204748,129.90427332336094,126.61716621170363,127.6180191040039,108123900
2022-06-17,127.62784446904057,130.58132405033675,127.3727165836019,129.08985900878906,134520300
2022-06-21,130.91489774710016,134.48655232988557,130.81678433537272,133.3188934326172,81000500
2022-06-22,132.2592024365102,135.17343948860204,131.395735327504,132.80870056152344,73409200
2022-06-23,134.2510716127321,135.98782727058793,133.08341268546732,135.67384338378906,72433800
2022-06-24,137.27324957478913,139.24551965514786,137.1457006192552,139.00021362304688,89116800
2022-06-27,140.02068012877845,140.79585557470105,138.32316657888146,139.00021362304688,70207900
2022-06-28,139.46137923230657,140.72715167094702,134.74169394010806,134.85943603515625,67083400
2022-06-29,134.87904343302176,138.0287637570601,134.10386817011945,136.6157989501953,66242400
2022-06-30,134.67300165333307,135.77196780465343,131.2583461315228,134.1529541015625,98964500
2022-07-01,133.48570492012948,136.42937688810812,133.11284998534265,136.32144165039062,71051600
2022-07-05,135.18323666479031,138.95113328697806,134.35899711370092,138.90206909179688,73353800
2022-07-06,138.69602774966668,141.41400763305737,138.43109305954474,140.23654174804688,74064300
2022-07-07,140.59956929502877,143.79836886527636,140.5897624458258,143.6021270751953,66253700
2022-07-08,142.5325821547398,144.77959333061295,142.27746932390713,144.27915954589844,64547800
2022-07-11,142.93494583450993,143.8867346289315,141.0804324564474,142.14996337890625,63141600
2022-07-12,143.0232094985196,145.66270453987497,142.32654882035914,143.121337890625,77588800
2022-07-13,140.3052405126538,143.7002675399076,139.45156535802397,142.75830078125,71185600
2022-07-14,141.37475454509644,146.15331059436355,140.56033683517074,145.6823272705078,78140700
2022-07-15,146.96775651820843,148.0274804295402,145.41742051675783,147.35043334960938,76259900
2022-07-18,147.9097302753274,148.7241480973096,143.9455764182645,144.3086395263672,81420900
2022-07-19,145.14266864096726,148.3905180514349,144.15163767930207,148.1648406982422,82982400
2022-07-20,148.2825708215841,150.8337592919261,147.54665279809592,150.16651916503906,64823400
2022-07-21,151.59910487340264,152.64902171844827,149.0871738807754,152.4331512451172,65086600
2022-07-22,152.47243287549966,153.34572184345396,150.5296130875675,151.19683837890625,66675400
2022-07-25,151.1183116577891,152.12897123891142,149.42079823109208,150.07821655273438,53623900
2022-07-26,149.4011517193333,150.21556938623502,147.96857315136768,148.75355529785156,55138700
2022-07-27,149.71519986654883,154.37601511646298,149.3030874727054,153.8461456298828,78620700
2022-07-28,154.03256675700305,154.68017830567564,151.51082841353704,154.3956298828125,81378700
2022-07-29,158.21258113398608,160.55770616166393,156.50524578988953,159.45872497558594,101786900
2022-08-01,157.9868660422736,160.51842568191043,157.8691239569894,158.47747802734375,67829400
2022-08-02,157.0939825576486,159.36060780651525,156.63280603827062,157.0056610107422,59907000
2022-08-03,157.82010334400223,163.46214273028536,157.7317967556544,163.0107879638672,82507500
2022-08-04,162.8930191834261,164.05087149041262,161.3426831970874,162.69677734375,55474100
2022-08-05,160.3680286094797,162.96205765324038,160.16167874542583,162.47076416015625,56697000
2022-08-08,163.47298010260957,164.88790765782107,161.34076829816232,161.9990997314453,60276900
2022-08-09,161.16394115258205,162.9326009401167,160.40734488370262,162.0482635498047,63135500
2022-08-10,164.76018146628317,166.3912794896035,163.99376480339055,166.29302978515625,70170500
2022-08-11,167.0987297224726,168.01254335724568,165.26129697429445,165.5560760498047,57149200
2022-08-12,166.86292858705644,169.17199900038648,166.45022886043446,169.1032257080078,68039400
2022-08-15,168.53330655626456,170.37073923171536,168.3662685851405,170.17422485351562,54091700
2022-08-16,169.77141253005902,170.6852264080059,168.6709196812625,170.01705932617188,56377100
2022-08-17,169.76155547008622,173.08268924248625,169.56504107416526,171.51055908203125,79542000
2022-08-18,170.72449438338106,171.85446345688476,170.10545976423154,171.11752319335938,62290100
2022-08-19,170.01704154998163,170.71468497495962,168.32699056998192,168.53334045410156,70346300
2022-08-22,166.73522546568063,166.9022634916105,164.22962509055057,164.6521453857422,69026800
2022-08-23,164.17064162540487,165.7722632709113,163.74812140904885,164.31802368164062,54147100
2022-08-24,164.40645810232692,165.18269520734955,163.35508285359487,164.61279296875,53841500
2022-08-25,165.84104108991514,167.17736007756102,165.41853585512217,167.06927490234375,51218200
2022-08-26,167.59988131493301,168.0715189036816,160.71193645776907,160.77088928222656,78961000
2022-08-29,158.34387946257124,160.06340660842702,157.03705202563728,158.56988525390625,73314000
2022-08-30,159.3068453614504,159.7293506019625,154.97363281420544,156.14291381835938,77906200
2022-08-31,157.51850501455607,157.78380767810359,154.4037063115704,154.48231506347656,87991100
2022-09-01,153.91245042285962,155.66145434866903,151.97675253984187,155.20947265625,74229900
2022-09-02,156.9682888748041,157.56766760419046,152.2715237467297,153.09689331054688,76957800
2022-09-06,153.74537814772464,154.3545772465812,151.01378768157298,151.8391571044922,73714800
2022-09-07,152.12417479484878,153.94195232564746,150.93523755072505,153.24432373046875,87449600
2022-09-08,151.94725947173376,153.6373103822705,150.02138227376568,151.77040100097656,84923800
2022-09-09,152.76280561990976,155.07189112050955,152.0553417641127,154.6297149658203,68028800
2022-09-12,156.81108213975503,161.39976240335073,156.5261384587271,160.58421325683594,104956000
2022-09-13,157.11568505512628,157.74454025448654,150.69939192954584,151.1612091064453,122656600
2022-09-14,152.0946413613245,154.3644300184662,150.9351958505273,152.6055908203125,87965400
2022-09-15,151.9570633678186,152.5368010537083,148.7440148881969,149.71676635742188,90481100
2022-09-16,148.5770263154271,148.71458793222737,145.78646709976312,148.07589721679688,162278800
2022-09-19,146.71006595451675,151.8686478234834,146.50373107588743,151.7900390625,81474200
2022-09-20,150.72886783406594,155.32738364566532,150.41444773199837,154.1679229736328,107689800
2022-09-21,154.600234046477,155.9758648340084,150.92536828428254,151.04327392578125,101696800
2022-09-22,149.7266056194288,151.78020876552435,148.28220159016286,150.08033752441406,86652500
2022-09-23,148.55735322020942,148.83247642204518,145.97314422465584,147.81057739257812,96029900
2022-09-26,147.05396595162924,151.09239889982268,147.0343100146429,148.14463806152344,93339400
2022-09-27,150.08034720002962,152.02586530633175,147.33892101138343,149.11740112304688,84442700
2022-09-28,145.06916155790836,148.01692291304855,142.31791462782627,147.23085021972656,146691400
2022-09-29,143.55596808972413,144.16516723784525,138.2303333041484,139.99899291992188,128138200
2022-09-30,138.8199033723931,140.60821907927374,135.59701890511008,135.7935333251953,124925300
2022-10-03,135.80332411163718,140.57869641472024,135.2923747930495,139.969482421875,114311700
2022-10-04,142.504593932989,143.67387488258018,141.7479977315321,143.55596923828125,87830100
2022-10-05,141.56136893422737,144.8137307149067,140.51981373267284,143.8507843017578,79471000
2022-10-06,143.27101666436323,144.97088807825529,142.69129389793306,142.8976287841797,68402200
2022-10-07,140.05793931227225,140.60820060654387,137.02174919053795,137.65060424804688,85925600
2022-10-10,137.97486877441406,139.4192729060871,136.15709176712548,137.97486877441406,74899000
2022-10-11,137.46393012049913,138.88869341854974,135.8131909792421,136.55995178222656,77033700
2022-10-12,136.70734348798558,137.91592138284778,135.75423283314072,135.93109130859375,70433700
2022-10-13,132.63945479417762,141.0896959265644,132.03024051986287,140.50015258789062,113224000
2022-10-14,141.79714775053986,142.00349764686453,135.78371925254498,135.9704132080078,88598000
2022-10-17,138.6135434297954,140.41166429206842,137.82747089841786,139.93020629882812,85250900
2022-10-18,142.95659405664904,144.1455159806622,138.1615644966325,141.24688720703125,99136600
2022-10-19,139.22279832325168,142.42602755565866,139.0361043354965,141.35501098632812,61758300
2022-10-20,140.52959032509128,143.34961008460004,140.16602295690015,140.8931427001953,64522000
2022-10-21,140.3821901686459,145.27548388473534,140.16601984417193,144.70558166503906,86548600
2022-10-24,144.62699951406933,147.61405773965313,143.45771845108737,146.84764099121094,75981900
2022-10-25,147.47651092815792,149.83472923085242,146.7592264620596,149.6873321533203,74732300
2022-10-26,148.33135548203074,149.3434189974195,145.46218795090752,146.7493896484375,88194300
2022-10-27,145.49165853167307,146.45458955551916,141.62026350591435,142.27859497070312,109180200
2022-10-28,145.619406740808,154.75746986477446,145.24603383421282,153.0281219482422,164762400
2022-10-31,150.49303288896766,151.55422867895751,149.27461957607085,150.66989135742188,97943200
2022-11-01,152.37958612806426,152.74313850206963,146.53319676946654,148.02671813964844,80379300
2022-11-02,146.35633217647393,149.5202635488904,142.47511648464766,142.5045928955078,93604600
2022-11-03,139.58632020230726,140.31344004952294,136.33395931941936,136.46170043945312,97918500
2022-11-04,139.84740569973505,140.4182534262788,132.25910018387182,136.1959686279297,140814800
2022-11-07,134.94598671425354,136.95378268582516,133.52871190234,136.7274169921875,83374600
2022-11-08,138.1939045722533,139.19779504119253,135.31999290082103,137.2982635498047,89908500
2022-11-09,136.31404528196006,136.363259132224,132.46575346788492,132.7413330078125,74917800
2022-11-10,139.0108096143879,144.55194091796875,137.298266687944,144.55194091796875,118854000
2022-11-11,143.5185285677149,147.64238513720315,142.0914019190675,147.3372802734375,93979700
2022-11-14,146.61880940644215,147.90813128864986,145.10310679865555,145.939697265625,73374100
2022-11-15,149.81752177217496,151.16589433590542,146.2152837355369,147.6719207763672,89868300
2022-11-16,146.7763108997982,147.5046219917799,144.96533989912186,146.44166564941406,64218300
2022-11-17,144.11888720950952,149.0891860323431,143.8433076526517,148.3411865234375,80389400
2022-11-18,149.9060967599958,150.2899408094876,147.60303246304494,148.90219116210938,74829600
2022-11-21,147.79004119922186,147.99671837716943,145.3885491071394,145.67396545410156,58724100
2022-11-22,145.7920747269315,148.04592513732047,144.6110022662971,147.80970764160156,51804100
2022-11-23,147.09122719796105,149.43366845656658,146.98296272757275,148.6856689453125,58301400
2022-11-25,145.9692403249909,146.5302512983949,144.7980195359923,145.77239990234375,35195900
2022-11-28,142.8492645206864,144.32559012136235,141.11704788902577,141.94378662109375,69246000
2022-11-29,142.01266197350824,142.5244590100729,138.13485967272496,138.94190979003906,83763800
2022-11-30,139.16827084330671,146.3727461321645,138.33169544585772,145.69363403320312,111380900
2022-12-01,145.87081033178356,146.7762881829984,144.29605710134743,145.96922302246094,71250400
2022-12-02,143.6563344518848,145.66413072697534,143.35121453595042,145.4771270751953,65447400
2022-12-05,145.43772619787177,148.53800322701198,143.46929252401586,144.3157196044922,68826400
2022-12-06,144.74882702977874,144.9751927748334,139.68009957146649,140.65447998046875,64727200
2022-12-07,139.9458630801939,141.10723230872713,137.7904247473433,138.71559143066406,69721100
2022-12-08,140.1131279990439,141.25482328488022,138.8730200272998,140.39854431152344,62128300
2022-12-09,140.09344213199822,143.27247380855323,138.67616726979998,139.91629028320312,76097000
2022-12-12,140.44777667846864,142.21937045590607,138.8336612407948,142.20953369140625,70462700
2022-12-13,147.14046624112265,147.60304951034107,141.96348935709867,143.174072265625,93886200
2022-12-14,143.05593056925082,144.34525228867759,138.93205940879196,140.94970703125,82291200
2022-12-15,138.88285224146853,139.5619643292127,133.88302841156911,134.34561157226562,98931900
2022-12-16,134.53264031194206,135.47748033551235,131.6193510336839,132.3870391845703,160156900
2022-12-19,132.97755207276447,133.0661279935264,129.24737645818792,130.28079223632812,79592600
2022-12-20,129.31628812854967,131.146932591331,127.8399624333377,130.21192932128906,77432800
2022-12-21,130.88117753836192,134.6507305969255,130.65481182459862,133.31219482421875,85928000
2022-12-22,132.2295865606811,132.43626376220547,128.24350390512237,130.14303588867188,77852100
2022-12-23,128.85365768615395,130.3299828406946,127.5938614223824,129.77882385253906,63814900
2022-12-27,129.30645953174815,129.3359848460805,126.6884381958862,127.9777603149414,69007800
2022-12-28,127.62341762114275,128.96195335269854,123.88339749624971,124.05071258544922,85438400
2022-12-29,125.9699349180437,128.42063320760047,125.71404389802797,127.56436920166016,75703700
2022-12-30,126.38333416609474,127.89902204510923,125.41879800683148,127.87933349609375,77034200
2023-01-03,128.22379338136977,128.8340031338152,122.21022673136561,123.09602355957031,112117500
2023-01-04,124.88731075622333,126.62937927760363,123.10588015763084,124.36567687988281,89113600
2023-01-05,125.12351256937882,125.75341088924934,122.79092293482029,123.04681396484375,80962700
2023-01-06,124.02120184221346,128.2336424206293,122.91887596059405,127.57421875,87754700
2023-01-09,128.4108124086458,131.30441322455866,127.83996466106093,128.09585571289062,70790800
2023-01-10,128.20411901412172,129.18833615231142,126.09789493911427,128.6667022705078,63896200
2023-01-11,129.1784814447806,131.4028064616691,128.40095662151043,131.3831329345703,69458900
2023-01-12,131.7670114136582,132.14100375978632,129.3655188993163,131.30442810058594,71379600
2023-01-13,129.94613390882802,132.79051966324624,129.58197852377776,132.63304138183594,57809700
2023-01-17,132.7019826183309,135.12314807764807,132.01303370787318,133.79446411132812,63646600
2023-01-18,134.66056331872014,136.42230495988363,132.8988066595986,133.0759735107422,69672800
2023-01-19,131.9638347529944,134.0995841255356,131.6587298451973,133.1350555419922,58280400
2023-01-20,133.14486670992753,135.84162653742413,132.1015991542997,135.69398498535156,80223600
2023-01-23,135.94004410758743,141.0579844042408,135.72351517113088,138.8828582763672,81760300
2023-01-24,138.0954934654877,140.90051809732327,138.0856567013407,140.28045654296875,66435100
2023-01-25,138.6663106564194,140.1819979894366,136.61913781717996,139.62100219726562,65799300
2023-01-26,140.91032647908082,141.97328249331738,139.6603668579937,141.6878662109375,54105100
2023-01-27,140.90051489349364,144.9062704324847,140.82177572822627,143.6267852783203,70555800
2023-01-30,142.67209860282117,143.2527830109075,140.59540019505755,140.74302673339844,64015300
2023-01-31,140.4477784546675,142.06189391275458,140.0344090710312,142.01268005371094,65874500
2023-02-01,141.69771052689384,144.29604258311244,139.0895417079852,143.13465881347656,77663600
2023-02-02,146.5498959772077,148.7939093931277,145.831421817907,148.43960571289062,118339000
2023-02-03,145.6936529941079,154.8960886893848,145.496812581912,152.06153869628906,154357300
2023-02-06,150.1620046015634,150.6836384438328,148.40024764766747,149.3352508544922,69858300
2023-02-07,148.26243261630023,152.77998456473935,148.26243261630023,152.20913696289062,83322600
2023-02-08,151.45130381865607,152.14025265616812,148.78406936876726,149.52223205566406,64120100
2023-02-09,151.3529059605557,151.89422837459855,148.0459358705389,148.48883056640625,56007100
2023-02-10,147.32570754066396,149.17885078358248,147.08912934244577,148.8535614013672,57450700
2023-02-13,148.79437344145694,152.05710297296255,148.7648030561656,151.65296936035156,62199000
2023-02-14,149.94767374239032,151.57412024796835,148.70567235340334,151.0122528076172,61707600
2023-02-15,150.92354792770303,153.27941747242824,150.69683660205456,153.11184692382812,65573800
2023-02-16,151.31781291605773,154.09754945424802,151.16010920849044,151.5149688720703,68167900
2023-02-17,150.17442580979125,150.8151376986906,148.69584602843153,150.37156677246094,59144100
2023-02-21,148.05510409777494,149.1394018439348,146.29067235544917,146.3596649169922,58867200
2023-02-22,146.74411685820635,147.80869615626176,145.0585442502877,146.78355407714844,51011300
2023-02-23,147.946689634791,148.19311959888688,145.13739706863274,147.26654052734375,48394200
2023-02-24,145.00921102304162,145.08807039598366,143.6390613800591,144.61492919921875,55469600
2023-02-27,145.60067024018994,147.039812645864,145.34437348016522,145.8076629638672,44998500
2023-02-28,144.9501024216552,146.95111245136155,144.73324285815977,145.30496215820312,50547000
2023-03-01,144.73323786008925,145.1275197577975,142.93922063146897,143.2349395751953,55479000
2023-03-02,142.31823534576338,144.6149643784106,141.8450789930105,143.82638549804688,52238100
2023-03-03,145.9259379185379,148.95210462024477,145.2260853537234,148.8732452392578,70732300
2023-03-06,151.59383305095145,154.06799923846452,151.26855877090114,151.63327026367188,87558000
2023-03-07,151.50510660246357,151.83039589059405,148.9718149331636,149.4351043701172,56182000
2023-03-08,150.62784041964048,151.278419098267,149.66183922588297,150.68698120117188,47204800
2023-03-09,151.3671337581158,152.33313497413033,148.08468493947933,148.43954467773438,53833600
2023-03-10,148.0649820559655,148.78455331931613,145.50210448552664,146.37939453125,68572400
2023-03-13,145.69922529511118,150.95311305935627,145.59079552733544,148.3212432861328,84457100
2023-03-14,149.11970482478546,151.20942619347872,147.95656256587642,150.41099548339844,73695900
2023-03-15,149.03098388604963,151.06156433450928,147.77911548729296,150.80528259277344,77167900
2023-03-16,149.98711209240733,154.22570978036399,149.47453364061312,153.62442016601562,76161100
2023-03-17,153.8511391851991,154.50171782493953,152.07684064085686,152.78656005859375,98944600
2023-03-20,152.85556893212473,155.5662982460434,151.94869352566715,155.15228271484375,73641400
2023-03-21,155.0734148747329,157.12369840917287,154.30453974820858,157.0054168701172,73938300
2023-03-22,157.0251659140942,159.82460651427928,155.5564380089166,155.57615661621094,75701800
2023-03-23,156.5618527096425,159.2430113419942,155.4282660956086,156.66041564941406,67622100
2023-03-24,156.5914437450547,158.0503047976887,155.59587218901564,157.9615936279297,59196500
2023-03-27,157.6560281012329,158.47417734472043,155.61558088418133,156.0197296142578,52390300
2023-03-28,155.714149696992,156.22672817707905,153.7525619849842,155.39871215820312,45992200
2023-03-29,157.09413508315754,158.7501519087846,157.0744315196879,158.47415161132812,51305700
2023-03-30,159.2232937572216,160.14987263415844,158.96701206310877,160.04144287109375,49501700
2023-03-31,160.120319104618,162.64375926608275,159.59788883873148,162.54518127441406,68749800
2023-04-03,161.92419649331373,163.91533966892132,161.87490749491164,163.79705810546875,56976200
2023-04-04,164.22091988909426,164.45748300799937,162.75219201536794,163.2647705078125,46278300
2023-04-05,162.38749456021097,162.69306530915642,159.48947577581393,161.42147827148438,51511700
2023-04-06,160.11047335808198,162.60435849941234,159.6866210280676,162.3086395263672,45390100
2023-04-10,159.11491201302218,159.71620178222656,157.794050894079,159.71620178222656,47716900
2023-04-11,160.03160702009572,160.04145880285023,158.21787125365222,158.5037384033203,47644200
2023-04-12,158.917767985699,159.7457691153541,157.49832888292315,157.8137664794922,50133100
2023-04-13,159.3218986080038,163.43234843413578,159.11489082873655,163.19577026367188,68445600
2023-04-14,162.23961256067847,163.94491858408577,161.48061917083933,162.85076904296875,49386500
2023-04-17,162.73248322378927,163.02820218114718,161.6876226098968,162.8704833984375,41516200
2023-04-18,163.72806193096773,165.01935243982652,163.2844759960185,164.0927734375,49923000
2023-04-19,163.43236729662357,165.7586669315568,163.1760704888179,165.23623657226562,47720200
2023-04-20,163.71820194187683,165.47278202514906,163.19577163848064,164.27020263671875,52456400
2023-04-21,162.6930225330838,164.0730239528686,162.14102196516987,162.6634521484375,58337300
2023-04-24,162.64375061086378,163.23518844762253,161.5496011414824,162.9690399169922,41949600
2023-04-25,162.83104036567903,163.93504162144998,161.3918829793584,161.4313201904297,48714100
2023-04-26,160.73147738017352,162.91977666468185,160.47519563222698,161.42147827148438,45498800
2023-04-27,162.83103216774902,166.15290259103057,162.83103216774902,166.0050506591797,64902300
2023-04-28,166.08393356927388,167.424513091262,165.4826438930684,167.25692749023438,55275900
2023-05-01,166.86264216717663,168.01593249804148,166.2317821133474,167.168212890625,52472900
2023-05-02,167.6610625345139,167.91735928630777,165.14747425578494,166.13319396972656,48425700
2023-05-03,167.07952089132834,168.47924132633688,164.7729399649435,165.0587921142578,65136000
2023-05-04,162.535328337613,164.65461977543495,161.96360907995128,163.42247009277344,81235400
2023-05-05,168.5383592942621,171.8109560965244,168.32149974515366,171.0913848876953,113453200
2023-05-08,170.01693107088172,171.3673772990156,169.65221959190652,171.02236938476562,55962800
2023-05-09,170.5788437710772,171.06183693007648,169.14955282313792,169.31712341308594,45326900
2023-05-10,170.5492304195713,171.54480192353225,169.44521410372417,171.08151245117188,53724500
2023-05-11,171.36736154745756,172.0967844383617,169.71134476851833,171.26878356933594,49514700
2023-05-12,171.3773522647327,171.81167121139163,168.79119952450796,170.34092712402344,45533100
2023-05-15,170.9233138186056,170.97267098611968,169.25514096380277,169.84739685058594,37266700
2023-05-16,169.768428394902,170.9035679392614,169.58088019536424,169.84739685058594,42110300
2023-05-17,169.4920742376562,170.69630196545663,168.21872838992437,170.45941162109375,57951600
2023-05-18,170.76540150488879,172.97647339745131,170.35082834910114,172.78892517089844,65496700
2023-05-19,174.11163026725697,174.11163026725697,172.68036243226308,172.89752197265625,55809500
2023-05-22,171.73274586766902,172.45332751081392,171.2095929310653,171.9499053955078,43570900
2023-05-23,170.89373741791002,171.1405082441651,169.06762727894406,169.34400939941406,50747300
2023-05-24,168.88007936551583,170.19290197111815,168.31744971265542,169.62039184570312,45143500
2023-05-25,170.18299842572435,171.65374258398057,169.47229739906246,170.75550842285156,56058300
2023-05-26,171.08128541223243,173.49963649375093,170.873991291327,173.1640167236328,54835000
2023-05-30,174.6742829582179,176.6780610308142,174.28932103938652,175.0098876953125,55964400
2023-05-31,175.03947872320146,177.03339115324283,174.47683402760893,174.96051025390625,99625300
2023-06-01,175.40469602373648,177.79343575638538,174.64463768008144,177.76382446289062,68901800
2023-06-02,178.69165461361322,179.4319669478336,176.94451328757913,178.61268615722656,61996900
2023-06-05,180.27098229225282,182.561007136821,175.74025964458482,177.2603759765625,121946500
2023-06-06,177.64536518975015,177.79342164547316,175.13816542041533,176.8951873779297,64848400
2023-06-07,176.13511905525095,178.8693435880805,175.0295907510138,175.52313232421875,61944600
2023-06-08,175.60209965770608,178.50412674833163,175.1677956906412,178.2376251220703,50214900
2023-06-09,179.1556227362357,179.87618934318917,178.29686506682958,178.6226043701172,48900000
2023-06-12,178.92857679274874,181.51472997018058,178.63244881890137,181.416015625,54274900
2023-06-13,180.4388079672042,181.7713612206094,180.08345742062403,180.9422149658203,54929100
2023-06-14,181.00144926283193,182.00827838693002,179.66889592317074,181.57395935058594,57462900
2023-06-15,181.5838370156226,184.11076766616947,181.4061542027307,183.6073455810547,65433200
2023-06-16,184.31803597311566,184.57468723659963,181.88981981135748,182.5314178466797,101256200
2023-06-20,182.02801364300083,183.69618663444365,182.02801364300083,182.62025451660156,49799100
2023-06-21,182.51167734169172,183.015099412311,180.23151756348105,181.58383178710938,49515700
2023-06-22,181.36664831236425,184.63389085713814,181.29754526800113,184.58453369140625,51245300
2023-06-23,183.15328303090953,185.13731475683954,182.6202496908907,184.2686767578125,53117000
2023-06-26,184.4167547195407,185.6209974197008,182.83741558637178,182.8769073486328,48088700
2023-06-27,183.48887561115208,185.9565833444032,183.27171612569057,185.63084411621094,50730800
2023-06-28,185.5025240055518,187.4470789620611,185.17679982937508,186.80548095703125,51216800
2023-06-29,186.6376758009822,187.61489349976054,186.49948476837957,187.14108276367188,46347300
2023-06-30,189.1547673916645,191.96794560784363,188.78953634841974,191.46453857421875,85213200
2023-07-03,191.27697146600818,191.37568580561538,189.28305928715224,189.97402954101562,31458200
2023-07-05,189.09553270560195,190.48730854754436,188.15779163185775,188.85862731933594,46920300
2023-07-06,187.3878728511301,189.53972207962792,186.756140199604,189.33242797851562,45094300
2023-07-07,188.9375920522482,190.1813114167851,187.7827065576724,188.21701049804688,46815000
2023-07-10,186.8153498480431,187.53593138541007,184.62402407003376,186.1737518310547,59922200
2023-07-11,186.71668657087457,186.85487763479418,184.1897556525184,185.650634765625,46638100
2023-07-12,187.22993768452707,189.22385000348103,186.03557542450565,187.31878662109375,60750200
2023-07-13,188.03936545890204,188.72045533421505,187.32866429002723,188.07884216308594,41342300
2023-07-14,187.77283329330808,188.71055932283986,187.18059240914323,188.22689819335938,41616200
2023-07-17,189.42126802557274,191.81002272437502,189.33243414864154,191.48428344726562,50520200
2023-07-18,190.85253399958415,191.81987127398517,189.93453883356673,191.2276153564453,48288200
2023-07-19,190.60575926840173,195.6694855056854,190.1615598085878,192.57992553710938,80507300
2023-07-20,192.57003512669965,193.93221460154035,190.0134935554866,190.63536071777344,59581200
2023-07-21,191.59285775033445,192.45161532627134,188.75991868585442,189.46075439453125,71951700
2023-07-24,190.91177825353577,192.3924031537896,189.76675804919924,190.2602996826172,45377800
2023-07-25,190.83280156435973,191.92846454581797,190.42809382758358,191.11904907226562,37283200
2023-07-26,191.1684052777898,193.11296042478057,190.8229351880455,191.98768615722656,47471900
2023-07-27,193.48806403406496,194.6528150463848,190.06288393124004,190.72422790527344,47460200
2023-07-28,192.15548645475204,194.09017617119656,191.63233355900982,193.30050659179688,48291400
2023-07-31,193.52752900074864,193.95198260711592,192.7378594315981,193.91249084472656,38824100
2023-08-01,193.7052107356477,194.1888718595327,192.75760424557473,193.08334350585938,35175100
2023-08-02,192.52069974591456,192.65889079076135,189.37191700535638,190.0924835205078,50389300
2023-08-03,189.09552588996192,189.8851803589987,188.22688789998924,188.70068359375,61235200
2023-08-04,183.12366926443607,184.9596445164711,179.57016391801557,179.63926696777344,115956800
2023-08-07,179.77747246914834,180.7645556934903,175.0592158617292,176.5398406982422,97576100
2023-08-08,177.3689898212007,177.94149990785485,175.2862435821482,177.47756958007812,67823000
2023-08-09,178.53371160261662,178.59293417746048,174.7235703168388,175.88833618164062,60378500
2023-08-10,177.1616477033174,178.4152472957811,175.30594195679654,175.67115783691406,54686900
2023-08-11,175.26594233781003,176.55087114534,174.50485775151037,175.73048400878906,52036700
2023-08-14,175.90840396188517,177.60848075837384,175.2560457553654,177.3811492919922,43675600
2023-08-15,176.80786722765603,177.40090780634856,174.99906405268155,175.39442443847656,43622600
2023-08-16,175.07818417720551,176.47183969890867,174.45547708148473,174.52467346191406,46964900
2023-08-17,175.08804707675128,175.4537562487029,171.47044012349116,171.9844207763672,66062900
2023-08-18,170.30411608587545,173.0716844916875,169.96805819399307,172.46875,61172200
2023-08-21,173.04203097276417,174.08974972921308,171.7274356199635,173.8031005859375,46311900
2023-08-22,175.00897300604348,175.62178623446252,174.20835828322907,175.177001953125,42038900
2023-08-23,176.45203891919172,179.44693836874362,176.26423745502308,179.02191162109375,52722800
2023-08-24,178.57715186115848,179.00217866700072,173.9711287799832,174.33685302734375,54945800
2023-08-25,175.3252679389123,177.07475372946672,173.78334110152613,176.541015625,51449600
2023-08-28,178.003859262239,178.49806733287568,176.48170504077262,178.1027069091797,43820700
2023-08-29,177.61838490226515,182.7581460326424,177.4207046822572,181.9871826171875,53003900
2023-08-30,182.7977035116121,185.6739984160231,182.60002327821,185.47630310058594,60813900
2023-08-31,185.66408956621913,186.92926105598286,185.30825914209595,185.69374084472656,60794500
2023-09-01,187.29498636168424,187.7199980774023,186.09899615427736,187.2653350830078,45766500
2023-09-05,186.09898389331408,187.77928826308653,185.4367469097816,187.50253295898438,45280000
2023-09-06,186.21760937163043,186.66240873519862,179.36789222272253,180.7912139892578,81755800
2023-09-07,173.15073850258275,176.1456533918577,171.52973657694065,175.503173828125,112488800
2023-09-08,176.2840260730559,178.15213198996554,175.7305003611282,176.11598205566406,65551300
2023-09-11,177.98410020535158,178.21143169284028,175.28571330476424,177.28231811523438,58953100
2023-09-12,177.4108321261293,178.04341790139725,172.79493020499618,174.25778198242188,90370200
2023-09-13,174.46531572894506,175.24617287306006,171.96462426919445,172.1919708251953,84267900
2023-09-14,171.98440467411754,174.060084556446,171.56927171405846,173.70425415039062,60895800
2023-09-15,174.43568479625586,174.45545734300367,171.80650919609533,172.9827117919922,109259500
2023-09-18,174.4356864419302,177.3021024660386,174.12927983360214,175.90843200683594,67257600
2023-09-19,175.4636640144477,177.5492229895183,175.0781822646496,176.99571228027344,51826900
2023-09-20,177.183440124748,177.6183455616589,173.36815390370754,173.45712280273438,58436200
2023-09-21,172.52801984046553,174.25774788080986,171.84601037143327,171.91519165039062,63149100
2023-09-22,172.64662317617766,175.02870938713053,172.03381007438438,172.76522827148438,56725400
2023-09-25,172.1821167645658,174.9200341436397,172.13269293306647,174.04034423828125,46172700
2023-09-26,172.79490338049743,173.17049122867175,169.67150500159482,169.96803283691406,64588900
2023-09-27,170.62041410420977,171.03554713361237,167.09177581326995,168.45578002929688,66921800
2023-09-28,167.3783703364052,170.03721192481018,165.678293523344,168.71273803710938,56294400
2023-09-29,170.027329658855,171.06516950648842,168.3667828862352,169.22671508789062,51861100
2023-10-02,169.23658298137698,172.28090596787308,168.94993390517055,171.73727416992188,52164500
2023-10-03,170.26456118455488,171.61870157072957,168.84125459232132,170.40293884277344,49594600
2023-10-04,169.10812432832188,172.19199313339385,168.98951921036945,171.6483612060547,53020300
2023-10-05,171.77685938003185,173.4176340313492,170.67971670138417,172.88389587402344,48527900
2023-10-06,171.78671747657816,175.9281832590251,171.17388925206592,175.43397521972656,57266700
2023-10-09,174.76185568517045,176.9759132731787,173.76356081110382,176.91661071777344,42390800
2023-10-10,176.03692856454262,177.63815795783916,175.8886570875863,176.3235626220703,43698000
2023-10-11,176.13576739500243,177.7666632072918,175.54272671219826,177.7172393798828,47551100
2023-10-12,177.98409824545533,180.227791982292,176.96601576479657,178.61668395996094,56743100
2023-10-13,179.31843486264313,179.82252160984507,176.07643148158712,176.77821350097656,51427100
2023-10-16,174.7025383958498,177.00554962273654,174.46531311220224,176.64971923828125,52517000
2023-10-17,174.60370757241088,176.35320838797153,172.77514673671925,175.09791564941406,57549400
2023-10-18,173.5461178040648,175.5229501994882,173.08156098457755,173.8031005859375,54764400
2023-10-19,174.00075828264139,175.7799102245973,173.16061367257353,173.427490234375,59302900
2023-10-20,173.2792242572037,173.38795063159753,170.64015507731645,170.87738037109375,64244000
2023-10-23,168.93021596381925,171.99429712738208,167.96155723103598,170.99600219726562,55980100
2023-10-24,171.045411263789,171.65822442721412,169.4639394511676,171.43089294433594,43816600
2023-10-25,169.88894421827058,171.05526784044204,168.67318169844384,169.11798095703125,57157000
2023-10-26,168.39644027726376,169.39475015606334,163.75088778515044,164.95675659179688,70625300
2023-10-27,164.9765244498122,167.00278034322866,164.8974493569631,166.27134704589844,58499100
2023-10-30,167.06208999172168,169.18717852998205,166.91381853056686,168.31736755371094,51131000
2023-10-31,167.3882903979478,168.92032345051314,165.95507483465602,168.79183959960938,44846000
2023-11-01,169.01913054110156,172.21170989502042,168.1493196629443,171.95472717285156,56934900
2023-11-02,173.48679033388817,175.72060519042475,173.42748778366638,175.51304626464844,77334800
2023-11-03,172.2216574835222,174.77177328727882,171.34196760053152,174.60372924804688,79829200
2023-11-06,174.33684685023218,177.35150406781844,174.16881791314302,177.15382385253906,63841300
2023-11-07,177.1043884447924,180.32663456302825,176.89682951103612,179.7138214111328,70530000
2023-11-08,180.23770048559436,181.32494925868284,179.48649451949703,180.7714385986328,49340300
2023-11-09,180.84059837026544,181.98714947029399,179.7039109186948,180.29696655273438,53763500
2023-11-10,182.07848170612579,184.65175539538808,181.6430032262288,184.48348999023438,66133400
2023-11-13,183.9094803756521,184.11731278262945,182.3160331472403,182.89996337890625,43627500
2023-11-14,185.7701081675421,186.17589626502485,184.38450869065176,185.51278686523438,60108400
2023-11-15,185.91859136162876,187.55162053928348,185.84930383072194,186.07693481445312,53790500
2023-11-16,187.62088524737388,188.99659293267834,186.71033121940587,187.7594451904297,54412900
2023-11-17,188.29390964052354,188.42257785422723,186.63119011836693,187.7396697998047,50922700
2023-11-20,187.93757896698344,189.93681385923423,187.92768722216405,189.48153686523438,46505100
2023-11-21,189.44198846283598,189.55085808280586,187.78916067013205,188.67990112304688,38134500
2023-11-22,189.52115946327928,190.9463411053134,188.8679417719912,189.34300231933594,39617700
2023-11-24,188.9075250877743,188.93721542830764,187.30418629136327,188.01678466796875,24048300
2023-11-27,187.96727598481397,188.70956462396614,186.9577592070347,187.83860778808594,40552600
2023-11-28,187.82871659191514,189.11535325725313,187.45261884770375,188.4423370361328,38415400
2023-11-29,188.93721085337887,190.11497800569174,187.02706184977393,187.42294311523438,43014200
2023-11-30,187.88812439803064,188.36320007044645,186.2550951920731,187.9969940185547,48794400
2023-12-01,188.37308016671426,189.59042941044567,187.2843840288066,189.2737274169922,45704800
2023-12-04,188.0266631045601,188.09595062883508,185.52267721747734,187.48231506347656,43389500
2023-12-05,188.25431775925796,192.40122460244103,188.22461231756913,191.43130493164062,66628400
2023-12-06,192.45071045016567,192.7575206909756,190.1347733725338,190.34262084960938,41089700
2023-12-07,191.63916388460834,192.99507315570867,191.59956669458757,192.2725830078125,47477700
2023-12-08,192.2032849129047,193.97488907234165,191.67873543823174,193.69776916503906,53406400
2023-12-11,191.12449893522992,191.5005967167582,189.4518726145205,191.1937713623047,60943700
2023-12-12,191.09483821655866,192.71797585416002,189.74882053401817,192.7080841064453,52696900
2023-12-13,193.08416519049783,195.96424945082313,192.84664243214013,195.92466735839844,70404200
2023-12-14,195.98403383047588,197.567574144968,194.14315707722483,196.07310485839844,66831600
2023-12-15,195.4990685795855,196.36011872958818,194.9745190512041,195.53866577148438,128538400
2023-12-18,194.07388671400844,194.60834313263763,192.3913683739152,193.87594604492188,55751900
2023-12-19,194.1431515248431,194.92502236186388,193.87592334681435,194.91513061523438,40714100
2023-12-20,194.87555255598716,195.64753172216422,192.82684326171875,192.82684326171875,52242800
2023-12-21,194.08377332368417,195.05369307239374,191.51049958819766,192.67835998535156,46482500
2023-12-22,193.1731927744169,193.40083883584492,190.98592398969686,191.6094512939453,37149600
2023-12-26,191.6193796571302,191.8964996004414,190.84740051477698,191.0651397705078,28919300
2023-12-27,190.5108903848591,191.5105004803971,189.12527563548673,191.16409301757812,48087700
2023-12-28,192.14393105407996,192.65858885458314,191.18390299052217,191.58969116210938,34049900
2023-12-29,191.90638540499626,192.40124458871406,189.75869835988954,190.55047607421875,42672100
2024-01-02,185.22577720716953,186.5025222946912,181.99930092657837,183.73130798339844,82488700
2024-01-03,182.32590048043423,183.96883642924203,181.5440145919006,182.3555908203125,58414500
2024-01-04,180.27718031693732,181.2075179249861,179.0202489631632,180.03965759277344,71983600
2024-01-05,180.1188231104021,180.8808952614232,178.31752871293088,179.317138671875,62379700
2024-01-08,180.21780632812883,183.6917273170526,179.63387614033877,183.65213012695312,59144500
2024-01-09,182.02900778818224,183.24635720149604,180.85124046635073,183.23646545410156,42841800
2024-01-10,182.45460221923815,184.48351295933534,182.02901543293186,184.2756805419922,46792900
2024-01-11,184.62205313633504,185.12681915669637,181.73207738578324,183.68182373046875,49128400
2024-01-12,184.14699807850627,184.82001442518902,183.28594792653803,184.00843811035156,40477800
2024-01-16,180.28708678689063,182.36548612847807,179.0697224204938,181.74197387695312,65603000
2024-01-17,179.40622086308548,181.0491415840924,178.4461930088501,180.8017120361328,47317400
2024-01-18,184.17668914088887,187.1953332109462,183.9193677995691,186.69058227539062,78005800
2024-01-19,187.38337121910467,189.97642838325277,186.8786203129096,189.59043884277344,68903000
2024-01-22,190.32282073770045,193.3216657993532,190.28322355100102,191.89646911621094,60133900
2024-01-23,193.01487431695855,193.73736447446063,191.83710707958323,193.1732177734375,42355600
2024-01-24,193.41078332895867,194.3609197135143,192.34188555954813,192.500244140625,53631300
2024-01-25,193.2127911304515,194.251998276528,191.12448509283354,192.173583984375,54822100
2024-01-26,192.27257421163478,192.7575265029299,189.96652881027472,190.44158935546875,44594000
2024-01-29,190.03580216218106,190.22385105233468,187.63079398239137,189.75868225097656,47145600
2024-01-30,188.97682064057707,189.82797900977772,185.54249682198056,186.10662841796875,55859400
2024-01-31,185.11691469411622,185.17631048108575,182.45458500160478,182.50405883789062,55467800
2024-02-01,182.0982496756258,185.02780697184838,181.92999940067185,184.93873596191406,64885400
2024-02-02,178.01074479617154,185.40394215196616,177.40701599262258,183.9391632080078,102551700
2024-02-05,186.21547393955785,187.30417000412038,183.92922730587782,185.75030517578125,69668800
2024-02-06,184.93875326056028,187.36355995873058,184.8496822422945,187.35366821289062,43490800
2024-02-07,188.67990426473503,189.0856924097343,186.67077723703076,187.46255493164062,53439000
2024-02-08,187.44274927884152,187.59120098390878,185.42373058041275,186.38375854492188,40962000
2024-02-09,186.9486117161699,188.27653811843788,186.30447993507684,187.14682006835938,45155200
2024-02-12,186.72067805809255,186.96842336096995,185.1053738445565,185.46212768554688,41781900
2024-02-13,184.094566630165,184.53060074172208,181.85493962465304,183.3711395263672,56529500
2024-02-14,183.64865818230027,183.85675578337245,180.79462725534452,182.48919677734375,54630500
2024-02-15,181.89458051072347,182.82610514660394,179.71442515593142,182.2017822265625,65434500
2024-02-16,181.76577652013776,183.18288755084293,180.03155935687485,180.66578674316406,49752500
2024-02-20,180.1504525533752,180.78467987026374,178.37660298808711,179.9225311279297,53665600
2024-02-21,180.2991272502037,181.24055639365764,179.03067248659073,180.6757049560547,41371400
2024-02-22,181.8252568033474,183.29192011230285,180.81446669725386,182.7072296142578,52292200
2024-02-23,183.34141952676862,183.37114775196545,180.58649310326592,180.87388610839844,45119700
2024-02-26,180.59641504961763,181.11171437415507,179.0207434868858,179.52615356445312,40867400
2024-02-27,179.46671005654383,182.26126931281985,177.94059046680667,180.98291015625,54318900
2024-02-28,180.8639793914523,181.46847854843006,178.50545433930714,179.7838134765625,48953900
2024-02-29,179.63517226295397,180.92345088953732,177.9108594746495,179.11985778808594,136682600
2024-03-01,177.93067957222544,178.90183692569335,175.78025215753124,178.03968811035156,73563100
2024-03-04,174.56134649455421,175.30458245485661,172.2226300679557,173.5208282470703,81510100
2024-03-05,169.21993595014084,170.48839061409436,168.09021804252058,168.58570861816406,95132400
2024-03-06,169.5172478388351,169.69563232435493,167.15870765798908,167.59474182128906,68587700
2024-03-07,167.6244864884472,169.19023880968834,166.9704503005263,167.47584533691406,71765100
2024-03-08,167.4758228221548,172.13343143853632,167.41636636953461,169.19021606445312,76267000
2024-03-11,171.38030546468005,172.80732093128213,170.49833272784605,171.1920166015625,60139500
2024-03-12,171.58839851794536,172.4604668624585,169.4676992338398,171.6676788330078,59825400
2024-03-13,171.21186358147776,171.62807396191238,169.21998125654062,169.58665466308594,52488700
2024-03-14,171.35057361629615,172.73794133442243,170.49832912625453,171.43975830078125,72913500
2024-03-15,169.62625165850892,171.06317138671875,168.75418335618096,171.06317138671875,121752700
2024-03-18,173.98658058844927,176.107279800922,171.95506605696912,172.15325927734375,75604200
2024-03-19,172.76766112194616,175.01719271038215,171.46947815172825,174.49197387695312,55215200
2024-03-20,174.1352174960067,177.05860900878906,173.51089450186836,177.05860900878906,53423100
2024-03-21,175.45322885093574,175.8892630091755,169.29922879245808,169.82444763183594,106181300
2024-03-22,170.21092760104455,171.48930183291895,168.52626256417108,170.7262420654297,71160100
2024-03-25,169.0316847755244,170.38932429506946,167.92177545566648,169.3091583251953,54288300
2024-03-26,168.46682128354186,169.8740129173693,168.05061095138228,168.179443359375,57388400
2024-03-27,168.87312383270142,172.0343565405087,168.57582642397568,171.74696350097656,60273300
2024-03-28,170.20102558587905,170.67669234048742,168.97220342186947,169.93345642089844,65672700
2024-04-01,169.64609346633853,169.70554992575666,167.9515087670476,168.49655151367188,46240500
2024-04-02,167.55510167176752,167.81275133793278,166.71276161053132,167.3172607421875,49329500
2024-04-03,167.26770493028647,169.14065873561202,167.05960735256843,168.1199493408203,47691700
2024-04-04,168.75416790697062,170.36947196785653,167.2974395751953,167.2974395751953,53704400
2024-04-05,168.06050251317026,168.85329051832247,167.42627513328318,168.05059814453125,42104800
2024-04-08,167.50555706407098,167.67402205960258,166.72268854116854,166.9307861328125,37425500
2024-04-09,167.17851757917794,168.54607640984824,166.83168324813985,168.1397705078125,42373800
2024-04-10,167.27763553824258,167.5650134431552,165.60287483124418,166.26683044433594,49709300
2024-04-11,166.8217782077108,173.87757491447604,166.64340884278624,173.4613494873047,91070300
2024-04-12,172.68839280877705,176.7514221146486,172.63885584160187,174.95774841308594,101670900
2024-04-15,173.77847120218846,175.0370216134587,170.94426424521788,171.13255310058594,73531800
2024-04-16,170.20102235595408,172.19288913903023,166.7524119884344,167.85240173339844,73711200
2024-04-17,168.08032842085646,169.11094225529814,166.48484802246094,166.48484802246094,50901200
2024-04-18,166.51456987389489,167.11906901091456,165.0479219314042,165.5334930419922,43122900
2024-04-19,164.7109957890585,164.89926951971245,162.6002009445124,163.51190185546875,68149400
2024-04-22,164.0272084619306,165.75150603037284,163.28397258003716,164.3443145751953,48116400
2024-04-23,163.85875133255257,165.54341638804536,163.43262154349364,165.39476013183594,49537800
2024-04-24,165.03800691456527,167.77312477902248,164.71099641624178,167.4956512451172,48251800
2024-04-25,168.0010494911784,169.07131105182287,166.63349053238153,168.35780334472656,50558300
2024-04-26,168.3478879652858,169.79471202253325,167.6541890412428,167.7731170654297,44838400
2024-04-29,171.80639405446584,174.4424074952563,171.5388400360099,171.9352264404297,68169400
2024-04-30,171.76676673002254,173.4117990890393,168.46679764398493,168.7938232421875,65934800
2024-05-01,168.05059058657778,171.15236652369296,167.58482822154218,167.7731170654297,50383100
2024-05-02,170.95418315705703,171.85597979307556,169.34879824722077,171.46949768066406,94214900
2024-05-03,184.9666328542693,185.31348231884328,181.01262758822543,181.72613525390625,163224100
2024-05-06,180.7054248623681,182.53873097916653,178.79282331517493,180.07119750976562,78569700
2024-05-07,181.79549235772294,183.2324120279765,179.68471275097576,180.7549591064453,77305800
2024-05-08,181.20091221961113,181.41892928578648,179.81352951475225,181.09190368652344,45057100
2024-05-09,180.9135137471405,182.99458018096053,180.46757526022824,182.9053955078125,48983000
2024-05-10,183.4809650708303,183.66950932429603,180.7322345449188,181.64517211914062,50759500
2024-05-13,184.01682262141375,185.6640864017181,183.20310853414878,184.85037231445312,72044800
2024-05-14,186.07090395104018,186.85484938535834,184.86026592315986,185.99151611328125,52393600
2024-05-15,186.46785537715886,189.1868170758504,185.93199122253947,188.2639617919922,70400000
2024-05-16,189.00821119957226,189.6333810173086,188.2044300863017,188.38304138183594,52845200
2024-05-17,188.05555831413108,189.34558420614056,187.7280891548122,188.4127960205078,41282900
2024-05-20,187.8769693298537,190.44708847543168,187.55941793463836,189.57383728027344,44361300
2024-05-21,189.62343971650407,191.25085261805762,189.4547462309282,190.873779296875,42309400
2024-05-22,190.79438668312676,191.34016861791716,188.80973611420333,189.4348907470703,34648500
2024-05-23,189.51429520164533,189.5341459487459,185.19768892080702,185.44577026367188,51005900
2024-05-24,187.37087155015982,189.11735863774422,186.59684388111853,188.52195739746094,36327000
2024-05-28,190.04022981736387,191.51880009814326,187.64873713728954,188.5319061279297,52280100
2024-05-29,188.15481585355153,190.7745542503335,188.05557725890648,188.82958984375,53068000
2024-05-30,189.29598343446253,190.70508365256933,189.16699143181853,189.82191467285156,49889100
2024-05-31,189.9707854632458,191.09211806054816,188.45252874493116,190.77456665039062,75158300
2024-06-03,191.41953068261944,193.4935019196136,191.04245739181434,192.54086303710938,50080500
2024-06-04,193.14619663099631,193.82098571162214,191.54855228534223,192.85842895507812,47471400
2024-06-05,193.90036613096368,195.38885414673365,193.3744349100596,194.36676025390625,54156800
2024-06-06,194.1881470745491,194.9919281725913,192.67980832687616,192.9874267578125,41181800
2024-06-07,193.15610745634936,195.42854080055034,192.65002702042116,195.37892150878906,53103900
2024-06-10,195.3888517006261,195.7857909182053,190.6753063763642,191.6378631591797,97010200
2024-06-11,192.16378906024917,205.57011360777915,192.14395345618084,205.5601806640625,172373300
2024-06-12,205.77850209290926,218.51003809526938,205.3121079690946,211.4347686767578,198134300
2024-06-13,213.09195736730385,215.08652592836702,209.9760562824749,212.59579467773438,97862700
2024-06-14,212.20878551515116,213.5186471242216,209.67835280423736,210.85922241210938,70122700
2024-06-17,211.73243423482455,217.26961095957958,211.08742887751163,215.00711059570312,93728300
2024-06-18,215.9200623200828,216.95208913019513,211.36529274424583,212.6453857421875,79943300
2024-06-20,212.28815296354617,212.59578653831548,207.24715355520107,208.07077026367188,86172500
2024-06-21,208.77532033595196,210.26380829361358,205.52049454653314,205.8975830078125,241805100
2024-06-24,206.12584292738626,211.06761941054305,205.0045103276704,206.54261779785156,80727000
2024-06-25,207.54484206411715,209.75773850908567,207.0089930344414,207.46546936035156,55549700
2024-06-26,209.87681864015101,213.2110325348534,209.0234182045521,211.61338806152344,66213200
2024-06-27,213.04233172557286,214.0842763709762,210.7202940415425,212.4568634033203,49772700
2024-06-28,214.1140554431902,214.41175609103416,208.686034302842,209.00357055664062,82542700
2024-07-01,210.4622626872336,215.84066382869798,210.29356920849017,215.0865020751953,60402900
2024-07-02,214.4911377013164,218.68868521261126,213.44920810314017,218.57952880859375,58046200
2024-07-03,218.31157833867707,219.8496856689453,217.34902153194005,219.8496856689453,37369800
2024-07-05,219.94891212590596,224.71207692855523,219.94891212590596,224.60292053222656,60412400
2024-07-08,225.3471401186269,226.1013170084402,221.53661474646515,226.07154846191406,59085900
2024-07-09,226.18069804264906,227.63941744293055,224.63267299949706,226.92494201660156,48076100
2024-07-10,227.54022056792812,231.2912094233167,227.49060126886744,231.1919708251953,62627700
2024-07-11,229.61414576243664,230.6064710416972,224.0372825383305,225.82347106933594,64710600
2024-07-12,227.1631286162611,230.8545803134063,226.92496506939614,228.77069091796875,53046500
2024-07-15,234.66509753137677,235.409341553401,231.30111515749465,232.60105895996094,62631300
2024-07-16,233.19643354245886,234.45669084850812,230.54692694431867,233.017822265625,43234300
2024-07-17,227.6890306172661,229.68361410453295,224.90059902579642,227.1234130859375,57345900
2024-07-18,228.51267855827928,228.67145424701283,220.56415801938329,222.45948791503906,66034600
2024-07-19,223.09459660515446,225.0593965950336,221.56640705838353,222.5885009765625,49151500
2024-07-22,225.2677604657143,226.03185518490554,221.37784711424985,222.24118041992188,48201800
2024-07-23,222.6480544130964,225.19833806517673,220.9710219946754,223.28314208984375,39960300
2024-07-24,222.2808652028311,223.07472846403482,215.4635952984219,216.86276245117188,61777600
2024-07-25,217.24978234747041,219.15506035064124,212.97286249707204,215.8208465576172,51391200
2024-07-26,217.0215731059544,217.80551869158998,214.35221522008754,216.28726196289062,41601300
2024-07-29,215.29493390237633,217.61697179557376,214.0942134588753,216.5651092529297,36311800
2024-07-30,217.50779485320817,218.63904514115285,214.46134877521007,217.12078857421875,41643800
2024-07-31,219.7405227481965,222.10226187087767,218.93674165630796,220.3756103515625,50036300
2024-08-01,222.64802807062824,222.7571844619209,215.35444602521784,216.6841583251953,62501000
2024-08-02,217.46809553371503,223.86860618805187,216.0391597412521,218.1726531982422,105568600
2024-08-05,197.56204548052773,211.8614570593827,194.49576385779395,207.66392517089844,119548600
2024-08-06,203.72439154098564,208.3783997216886,199.52685967053256,205.6395721435547,69660500
2024-08-07,205.31211338628992,212.00039184379946,204.80603289763474,208.209716796875,63516400
2024-08-08,211.47445056104476,212.5560815310077,207.22729938249148,211.67291259765625,47161100
2024-08-09,210.47221789303094,215.11629337558463,210.3432107490655,214.5804443359375,42201600
2024-08-12,214.65991863613397,218.07745621052726,214.19298467780987,216.11038208007812,38028100
2024-08-13,217.58072790378117,220.44193777769505,217.58072790378117,219.82598876953125,44155300
2024-08-14,219.13055181670978,221.5744891931242,218.2662191901357,220.27304077148438,41960600
2024-08-15,223.13425172393934,223.87935717471936,221.30624816369337,223.2534637451172,46414000
2024-08-16,222.4587092482856,225.34972239527664,222.19046700804645,224.57481384277344,44340200
2024-08-19,224.2469437652095,224.51518597934856,221.58442566604344,224.41583251953125,40687800
2024-08-20,224.29662301984854,225.68748051768907,223.97870407222223,225.0317840576172,30299000
2024-08-21,225.04172779494317,226.4921913011218,223.58131984717622,224.92250061035156,34765500
2024-08-22,226.30341677619586,226.84983046212884,222.43880384726458,223.064697265625,43695300
2024-08-23,224.187342377279,226.73063334528243,222.866020162344,225.35963439941406,38677300
2024-08-26,225.28014571740593,225.79675641202357,222.4288803537143,225.69740295410156,30602200
2024-08-27,224.52510403050715,227.356510742363,223.42234738221904,226.54185485839844,35934600
2024-08-28,226.43257756563742,228.35991942602843,224.20719049274723,225.0119171142578,38052200
2024-08-29,228.59837969678284,231.3999685703833,227.38634017099784,228.29039001464844,51906300
2024-08-30,228.68777538921813,228.89639643358683,225.99545426270925,227.5055389404297,52990800
2024-09-03,227.05848641015993,227.50554667965343,219.72664341730942,221.3162078857422,50190600
2024-09-04,220.2134333758585,220.33264539565292,216.06070449558098,219.40872192382812,43840200
2024-09-05,220.1836359939166,224.00850159902006,220.07435325324454,220.92874145507812,36615400
2024-09-06,222.4884846157397,223.7700744804958,218.33577084564575,219.37892150878906,48423000
2024-09-09,219.37894424631622,219.82600453136772,215.29576534565257,219.46835327148438,67180000
2024-09-10,217.49130185519834,220.0345925843304,215.31559161387113,218.6735382080078,51591000
2024-09-11,220.01475867053273,221.63411098197892,216.4680492147489,221.20692443847656,44587100
2024-09-12,221.04796566036197,222.09111639532034,218.38546260882887,221.3162078857422,37455600
2024-09-13,222.12091208096655,222.57790161811045,220.46181236980377,221.04795837402344,36766600
2024-09-16,215.126845002842,215.80241517960704,212.52394807405793,214.90829467773438,59357400
2024-09-17,214.34202255786693,215.4845116318028,213.10018001697546,215.37522888183594,45519300
2024-09-18,216.13026348358338,221.25659276615585,216.12031904206836,219.24977111816406,59894900
2024-09-19,223.52171975466862,228.32020097310811,223.16406850984052,227.3763885498047,66781300
2024-09-20,228.46920754640476,231.56884144729943,226.1345376792504,226.71075439453125,318679900
2024-09-23,225.8563676699032,227.95259834339626,224.33635371548323,224.99205017089844,54146000
2024-09-24,227.15781488965328,227.85325878901892,224.25687274556688,225.88616943359375,43556100
2024-09-25,223.46208007568333,225.80667911779153,222.5580303354434,224.89268493652344,42308700
2024-09-26,225.81662129607273,227.00878694842402,223.93895622483703,226.03518676757812,36636700
2024-09-27,226.9690618971705,228.02214184296878,225.8166284941723,226.3034210205078,34026000
2024-09-30,228.53872651515564,231.4794158935547,228.15127230522148,231.4794158935547,54541900
2024-10-01,228.02216122790813,228.15130254219565,222.27988260723768,224.7337646484375,63285000
2024-10-02,224.41582711263038,225.8861642954019,221.56456176324298,225.30001831054688,32880600
2024-10-03,223.67072564154154,225.3298253274289,221.8626109260752,224.197265625,34044200
2024-10-04,226.41269745663615,226.51205091107013,222.66731173997377,225.31988525390625,37245100
2024-10-07,223.0349151567562,224.2171516536621,219.8856043654075,220.24325561523438,39505400
2024-10-08,222.83620769655573,224.5052366387564,221.79305702807565,224.29661560058594,31855700
2024-10-09,223.7601370790405,228.25064364916537,223.36275355639287,228.04200744628906,33591100
2024-10-10,226.2934858996686,228.00226223679437,225.68746620848788,227.54525756835938,28183500
2024-10-11,227.80358186995707,227.91286461183438,225.85636623992795,226.06500244140625,31759200
2024-10-14,227.2075041009655,230.21772915238438,227.1081657950345,229.79054260253906,39882100
2024-10-15,232.08544385770335,235.9401275315396,230.853530735341,232.32388305664062,64751400
2024-10-16,230.0885617348273,230.60515724916505,228.34003796565733,230.2673797607422,34082200
2024-10-17,231.9066247344228,232.3238971476739,229.0156269629083,230.63497924804688,32993800
2024-10-18,234.63867690560429,234.63867690560429,232.4828401919167,233.4663848876953,46431500
2024-10-21,232.91995571367772,235.3043021987925,232.91995571367772,234.93670654296875,36254500
2024-10-22,232.36362533760988,234.67842149785605,231.0820505913223,234.32077026367188,38846600
2024-10-23,232.55239985265487,233.60547988580885,226.27363678517082,229.25405883789062,52287000
2024-10-24,228.4791312160334,229.31366084202813,226.91938502162782,229.06529235839844,31109500
2024-10-25,228.24072625952675,231.69801159617745,228.07183749564092,229.8998260498047,38802300
2024-10-28,231.7973512193415,233.19813797949908,231.032372026897,231.87681579589844,36087100
2024-10-29,231.5787930163908,232.80076177889833,230.80388451731673,232.1450653076172,35417200
2024-10-30,231.09197226998216,231.94636045913163,228.05194445904854,228.59835815429688,47070900
2024-10-31,227.84332326136388,228.33013097812315,223.89923027313517,224.4357147216797,64370100
2024-11-01,219.52794977327943,223.87937072005496,218.83252100898451,221.45529174804688,65276700
2024-11-04,219.54780947276666,221.33605042122997,218.2761640538016,220.56114196777344,44944500
2024-11-05,220.35251908634842,222.4884819564664,219.6968226591573,221.9917449951172,28111300
2024-11-06,221.15724252476647,224.5946691536601,219.74651129717958,221.2665252685547,54561100
2024-11-07,223.16406118155706,226.39285156162418,223.10445516924474,225.99545288085938,42137700
2024-11-08,225.9357792784742,227.4176895436531,225.17991383614745,225.7269287109375,38328800
2024-11-11,223.7775854012113,224.47377929839286,220.29660073941466,223.0117645263672,42005600
2024-11-12,223.33003326558662,224.36437631627228,222.14649605243358,223.0117645263672,40398300
2024-11-13,222.79294167641658,225.4185978724207,221.54973296285615,223.89691162109375,48566200
2024-11-14,223.79747584076947,227.62654977508777,223.77758025105393,226.98008728027344,44923900
2024-11-15,225.16996034674554,225.68713943052106,223.0515429787679,223.77757263183594,47923700
2024-11-18,224.0262188410909,228.49183017609323,223.94665165924164,226.7811737060547,44633700
2024-11-19,225.7467938634959,228.90952454109907,225.42854034251505,227.03973388671875,36211800
2024-11-20,226.82093350733243,228.68076882556113,224.66272507245372,227.75582885742188,35169600
2024-11-21,227.63650237265796,228.90954693288327,224.48372676835862,227.27845764160156,42108300
2024-11-22,226.82093004738374,229.46648170496493,226.82093004738374,228.62109375,38168300
2024-11-25,230.2024695182051,231.982737654973,228.4918131754458,231.60479736328125,90152800
2024-11-26,232.0623014256736,234.29013679133817,232.0623014256736,233.78289794921875,45986200
2024-11-27,233.19611792325418,234.40949083683986,232.53970008294309,233.6536102294922,33498400
2024-11-29,233.5342752849028,236.51797629056327,232.698842645531,236.04058837890625,28481400
2024-12-02,235.9809120539101,239.4817769036961,235.8715090788613,238.28829956054688,48137100
2024-12-03,238.5070985351772,241.44106801091166,237.60203896586935,241.3316650390625,38861000
2024-12-04,241.55047375645148,242.78374225546824,239.9392801306149,241.68971252441406,44383900
2024-12-05,242.66439419479377,243.21139387343032,240.81449907142343,241.71954345703125,40033900
2024-12-06,241.59025685240857,243.30091318780651,240.76476447856876,241.5206298828125,36870600
2024-12-09,240.516140724136,245.89675186527563,240.43657354260168,245.40940856933594,44649200
2024-12-10,245.54863486606115,246.86147053083658,244.00705305092782,246.42385864257812,36914800
2024-12-11,246.61283253090062,249.43739908317045,244.92205654138039,245.15081787109375,45205800
2024-12-12,245.54865996903848,247.388615093895,244.3452271532981,246.61285400390625,32777500
2024-12-13,246.47357755688842,247.93557694468342,244.90216002667665,246.78189086914062,33155300
2024-12-16,246.6426692963963,250.01425073054844,246.3045049916291,249.67608642578125,51694800
2024-12-17,248.72130738305802,252.45093348613432,248.42293425963442,252.1028289794922,51356400
2024-12-18,250.79000225751088,252.89847930582897,246.39401822090946,246.70233154296875,56774100
2024-12-19,246.15532490458142,250.6308762664829,245.7475488049507,248.43287658691406,60882300
2024-12-20,246.69240643268387,253.61459983498276,244.35518295150268,253.1073760986328,147495300
2024-12-23,253.38583418491564,254.26104280923545,252.07299848460428,253.88311767578125,40858800
2024-12-24,254.10189725758943,256.80710520536127,253.90297174117552,256.79718017578125,23234700
2024-12-26,256.7872242633273,258.6868506395932,256.2302692406472,257.6127014160156,27237100
2024-12-27,256.4292059497028,257.294504767908,251.68513210698922,254.20138549804688,42355300
2024-12-30,250.8596392638085,252.122743648892,249.38768429964367,250.82980346679688,35557500
2024-12-31,251.06850844936815,251.90394112888606,248.07485191726244,249.05947875976562,39480700
2025-01-02,247.57756417344766,247.74665392379396,240.5062071395791,242.52517700195312,55740700
2025-01-03,242.03782653808594,242.85336358935695,240.5758118291158,242.03782653808594,40244100
2025-01-06,242.98267635317254,245.98627312798146,241.87870630793444,243.66893005371094,45045600
2025-01-07,241.6598944370817,244.21593900697974,240.03876048613398,240.8940887451172,40856000
2025-01-08,240.6056476428208,242.38593107741448,238.74581220273618,241.38140869140625,37628900
2025-01-10,238.70600665338932,238.85520080045117,231.73409784256125,235.5631866455078,61710900
2025-01-13,232.2612269401141,233.39503269669683,228.47192915300568,233.12649536132812,49630700
2025-01-14,233.47458784982285,234.83713969366363,231.2069764534674,232.0125732421875,39435300
2025-01-15,233.36518970349533,237.66172623332486,233.15632396556444,236.57763671875,39832000
2025-01-16,236.06049286491137,236.71689557722044,226.79112077355302,227.01986694335938,71759100
2025-01-17,230.85888730040747,231.0279618693864,227.2386640256131,228.7305145263672,68488300
2025-01-21,222.78301644137267,223.20073277609362,218.18812158355374,221.43040466308594,98070400
2025-01-22,218.59586314481808,222.90233985709415,218.59586314481808,222.61392211914062,64126500
2025-01-23,223.51898889751178,225.7965406078772,221.09224303438072,222.44485473632812,60234800
2025-01-24,223.55875977197638,224.4041477572621,220.2070739772995,221.5696258544922,54697900
2025-01-27,222.80289291870474,230.88871192185238,222.76310174211312,228.6111602783203,94863400
2025-01-28,229.59580038333414,238.88505261672515,229.5560092044273,236.9655303955078,75707600
2025-01-29,232.84803349366265,238.55685383878983,232.73863051084334,238.0595703125,45486100
2025-01-30,237.37329797187644,239.48177510143526,235.9212386876704,236.29916381835938,55658300
2025-01-31,245.8470107317681,245.8470107317681,232.1717149504871,234.71780395507812,100959800
2025-02-03,228.7404632470789,230.5704628324937,224.47376244068877,226.77120971679688,73063300
2025-02-04,226.01533721300711,231.8633956790269,225.4185909783935,231.53518676757812,45067300
2025-02-05,227.28840417126338,231.40591110501148,227.02982220448578,231.20700073242188,39620300
2025-02-06,230.0334043541599,232.5297773409264,229.17807609142312,231.9529266357422,29925300
2025-02-07,231.33626340044523,232.72865096836296,226.02526470364745,226.3932647705078,39707200
2025-02-10,228.57377553913867,229.58933825388894,226.21404995469493,226.66209411621094,33115600
2025-02-11,227.20971719471092,234.2092091135714,227.1400288616486,231.61053466796875,53718400
2025-02-12,230.19670873650108,235.93172304376256,229.67896101319025,235.84210205078125,45243300
2025-02-13,235.8819260401158,241.28835511000761,234.54774465400956,240.48187255859375,53614100
2025-02-14,240.2031053319298,244.48444869345934,239.94423906079516,243.53857421875,40896200
2025-02-18,243.0905000064508,244.11602908498713,240.7905267294893,243.40911865234375,48822500
2025-02-19,243.5982928571997,244.94242536854557,242.10480216065562,243.807373046875,32204200
2025-02-20,243.8770617009929,245.70907319749273,243.22987332307676,244.76319885253906,32316900
2025-02-21,244.88267886995578,247.6107939080121,244.155851012499,244.4844207763672,53197400
2025-02-24,243.86711335623195,247.7800669312537,243.3593319822528,246.0277099609375,51326400
2025-02-25,246.92381259977986,248.91513366913293,243.84722519384715,245.9679718017578,48013300
2025-02-26,243.26972892021308,243.91690216055417,238.0922974197643,239.31695556640625,44433600
2025-02-27,238.37109275336516,241.40786042901627,236.0312844149354,236.27024841308594,41153600
2025-02-28,235.92174819400608,241.03944246427386,229.2010399398617,240.79052734375,56833400
2025-03-03,240.7407483660274,242.97103338088397,235.08540395372597,236.9970703125,47184000
2025-03-04,236.6784633674393,239.02822274747484,233.6615980851158,234.9061737060547,53798100
2025-03-05,234.3983766092207,235.5234777567522,228.23523611666363,234.7169952392578,47227600
2025-03-06,233.42265485870865,236.82781201573715,232.1482106078643,234.3087921142578,45170400
2025-03-07,234.0897550099468,240.32258464996474,233.74126773670764,238.03257751464844,46273600
2025-03-10,234.5178647329352,235.13518456664028,223.24699590534985,226.4928436279297,72071200
2025-03-11,222.83878108425105,224.85997074742775,216.5063794973434,219.8816680908203,76137400
2025-03-12,219.18471261137486,220.78772670269151,213.97741219492326,216.03842163085938,62547500
2025-03-13,215.01287598245443,215.899013195213,207.51555384047248,208.77008056640625,61368300
2025-03-14,210.3332680009786,213.02154815111564,208.67051688888432,212.5635528564453,60107600
2025-03-17,212.3843419118567,214.28605714072168,209.0588394397278,213.07135009765625,48073400
2025-03-18,213.23065092190424,214.21634506867483,210.57223927739028,211.76702880859375,42432400
2025-03-19,213.29039128502816,217.8106832228152,212.8224296395377,214.30596923828125,54385400
2025-03-20,213.0613904363763,216.5462020975973,211.29906714235267,213.17091369628906,48862900
2025-03-21,210.64192650603025,217.89033350890864,210.36314278996363,217.32281494140625,94127800
2025-03-24,220.04098837247486,220.51890119737195,217.63149158987616,219.77215576171875,44299500
2025-03-25,219.81197343150768,223.12752472855482,219.1249652538438,222.77903747558594,34493600
2025-03-26,222.54008343913912,224.0435405886843,219.51328206033222,220.5686798095703,34466100
2025-03-27,220.42928473771144,224.0136687326393,219.60288467242046,222.8786163330078,37094800
2025-03-28,220.7080664246457,222.8387793372666,216.73537546649092,216.9544219970703,39818600
2025-03-31,216.0682695484103,224.6409066608951,215.29165561007284,221.1660614013672,65299300
2025-04-01,218.85612876373423,222.70932997882656,217.95007407622174,222.22146606445312,36412700
2025-04-02,220.3595869543347,224.21278818927524,220.06088576879955,222.91842651367188,35905900
2025-04-03,204.64805110026137,206.58960121618028,200.37667426890133,202.30825805664062,103419000
2025-04-04,193.0486144227304,199.01262630823254,186.52703508606032,187.56253051757812,125910900
2025-04-07,176.43103817745248,193.30748067285785,173.86223225537526,180.6725616455078,160466300
2025-04-08,185.88983084847527,189.51403482217904,168.47573669018362,171.6717987060547,120859500
2025-04-09,171.20381523449285,199.7394480269994,171.14407803694525,197.98709106445312,184395900
2025-04-10,188.24952597387417,193.9347385570105,182.205859833413,189.59365844726562,121880000
2025-04-11,185.29243322025624,198.67409816298056,185.25259829067514,197.29013061523438,87435900
2025-04-14,210.52244846919626,212.01593914767514,200.28706023476008,201.6411590576172,101352900
2025-04-15,200.98403365195668,202.62686743682656,198.93297540670014,201.2628173828125,51343900
2025-04-16,197.49920369317184,199.8290454554037,191.53519224238798,193.4269561767578,59732400
2025-04-17,196.34424488667963,197.9671763411939,193.5763099497932,196.1251983642578,52164700
2025-04-21,192.43130060162235,192.958999427942,188.98630873883343,192.32177734375,46742500
2025-04-22,195.26892870764283,200.7151927551101,195.11958571249494,198.87322998046875,52976400
2025-04-23,205.10606155750318,207.09738254349836,201.9199510184256,203.71214294433594,52929200
2025-04-24,204.00086522918792,207.92376976062596,202.05933042602183,207.46575927734375,47311000
2025-04-25,205.47445049920006,208.8397878176709,205.30519003897632,208.371826171875,38222300
2025-04-28,209.08871177088434,210.5822025692478,206.55974070372147,209.2281036376953,38743100
2025-04-29,207.7844034400983,211.31900144522857,207.46578477039023,210.29347229003906,36827600
2025-04-30,208.39173986928208,212.65316547487808,205.7731479657814,211.57785034179688,52286500
2025-05-01,208.17271138967982,213.62892699621815,207.99348458901505,212.39431762695312,57365700
2025-05-02,205.19567188008233,206.0917754590827,201.2827333487594,204.45889282226562,101010600
2025-05-05,202.21865389928206,203.21431440062256,197.34987465543003,198.02691650390625,69018500
2025-05-06,197.3498735756035,199.77927242381972,196.16503515467957,197.6485595703125,51216500
2025-05-07,198.30570335142838,198.574535944944,192.41139491378883,195.39837646484375,68536700
2025-05-08,196.86199326420865,199.18188402861682,193.83517686729027,196.63299560546875,50478900
2025-05-09,198.13644922219603,199.66975978270045,196.68277813613466,197.66848754882812,36453900
2025-05-12,210.32994399020487,210.62903686932515,206.12274573806786,210.15048217773438,63775800
2025-05-13,209.79158118866218,212.75257189298435,208.36592688565332,212.28399658203125,51909300
2025-05-14,211.78550901932945,213.29093762104833,209.94113079478424,211.68582153320312,49325800
2025-05-15,210.31001909194578,212.31393091132972,208.90429308394448,210.80850219726562,45029500
2025-05-16,211.71574852428404,211.9251181254035,209.13360964796243,210.61907958984375,54737900
2025-05-19,207.27923550566183,208.84446444770495,203.64029993754312,208.14659118652344,46140500
2025-05-20,207.03996203611737,207.83753801206538,204.40797196423648,206.232421875,42496600
2025-05-21,204.54755595275296,206.4118779017609,200.10109516487896,201.47689819335938,59211800
2025-05-22,200.1010930441042,202.13489740214874,199.0941474443519,200.74911499023438,46742400
2025-05-23,193.08241474951325,197.10018674879547,192.87306039619787,194.6775665283203,78432900
2025-05-27,197.6983910952664,200.1309909415137,196.83102019804124,199.60260009765625,56288500
2025-05-28,199.98144837254895,202.11495545301858,199.29353925378823,199.8119659423828,45339700
2025-05-29,202.96236033905296,203.19165828241367,197.90773491315443,199.34336853027344,51396800
2025-05-30,198.7651407343476,201.3472946799051,196.18300200128658,200.24066162109375,70819900
2025-06-02,199.67238359256916,201.51677709467234,199.51286535414474,201.08807373046875,35423300
2025-06-03,200.73914706631285,203.1518034040851,200.35033086337637,202.6533203125,46381600
2025-06-04,202.29440469878628,205.6143037964219,201.48686455307688,202.20468139648438,43604000
2025-06-05,202.8826044104843,204.12881205428334,199.54276184010462,200.0213165283203,55126100
2025-06-06,202.3841235560851,205.07592905349443,201.4370087789868,203.30133056640625,46607700
2025-06-09,203.76990423179717,205.3750202901374,199.41316716451473,200.8388214111328,72862600
2025-06-10,199.99141796230995,203.73004106569937,199.96151019448254,202.0551300048828,54672600
2025-06-11,202.88260699920767,203.8795731269679,197.80805305990708,198.1769256591797,60989900
2025-06-12,198.47602627663701,199.07419684911244,196.7612432530472,198.5956573486328,43904600
2025-06-13,199.12405177447246,199.76210952406473,195.1062792678608,195.85400390625,51447300
2025-06-16,196.701426450214,198.08720880439395,195.96366601516638,197.81802368164062,43020700
2025-06-17,196.60172782081946,197.7881200100286,194.61777485692886,195.0464630126953,38856200
2025-06-18,195.34553910938874,196.97059871241268,194.4781834746436,195.9835968017578,45394700
2025-06-20,197.63859168364695,201.0880863339216,196.26277341287403,200.3902130126953,96813500
2025-06-23,201.01828233775666,201.686247808318,198.3563846401482,200.888671875,55814300
2025-06-24,201.9753521214132,202.82277936444737,199.59260382672892,199.6923065185547,54064000
2025-06-25,200.83881944772682,203.052085424857,200.01133575244882,200.948486328125,39525700
2025-06-26,200.81890119127095,202.02523702778157,198.85489170599743,200.3902130126953,50799100
2025-06-27,201.27751091280393,202.6034778198992,199.39324535272064,200.469970703125,73188600
2025-06-30,201.39711462840114,206.76079706763053,198.65545787730727,204.5475311279297,91912800
2025-07-01,206.04299395149746,209.55231908550664,205.51460310500556,207.18951416015625,78788900
2025-07-02,208.2761972389462,212.69274987948137,207.5085290616707,211.7954864501953,67941800
2025-07-03,211.50635319299207,213.99876845669687,211.16738836812712,212.90211486816406,34955800
2025-07-07,212.03476276559877,215.57399579559095,208.16654427869605,209.31304931640625,50229000
2025-07-08,209.46258702266434,210.78853856973336,207.81758380403343,209.3728485107422,42848900
2025-07-09,208.8943192909964,210.6888614301138,206.59132988433592,210.4994354248047,48749400
2025-07-10,209.87133445003573,212.83232507172787,209.39279496736208,211.7655792236328,44443600
2025-07-11,209.931172276849,211.48643705736623,209.2233196075129,210.51937866210938,39765800
2025-07-14,209.29308368901172,210.27012140888866,206.9103353456299,207.987060546875,38840100
2025-07-15,208.5852528191871,211.24715053377864,208.28615994072268,208.4755859375,42296300
2025-07-16,209.6619745482938,211.75559423754484,208.00700716596054,209.52239990234375,47490500
2025-07-17,209.93116216460888,211.15742622671814,208.95412441878605,209.38282775878906,48068100
2025-07-18,210.23024956462245,211.1474566075158,209.06380098140497,210.539306640625,48974600
2025-07-21,211.45652088357517,215.12534891613055,210.98794558852114,211.83535766601562,51377400
2025-07-22,212.49335516085276,214.29786137817433,211.58611235366487,213.74952697753906,46404100
2025-07-23,214.3477172095632,214.4972560435483,211.76557859278188,213.5002899169922,46989300
2025-07-24,213.25105536667797,215.03563331063384,212.8821827557749,213.11148071289062,46022600
2025-07-25,214.0486138925591,214.58698409364732,212.75255494872997,213.23110961914062,40268800
2025-07-28,213.38067592321022,214.1981955143971,212.41361748607306,213.40061950683594,37858000
2025-07-29,213.53020352524888,214.1582970701604,210.18041185237743,210.62904357910156,51411700
2025-07-30,211.2571312800854,211.74565019362484,207.08981987426867,208.41578674316406,45512500
2025-07-31,207.85746883247032,209.2033639475293,206.5315020865265,206.9402618408203,80698400
2025-08-01,210.23023901853355,212.93202387361222,200.88867142379772,201.76600646972656,104434500
2025-08-04,203.8895472057539,207.24933356384108,201.06813110178,202.7330780029297,75109300
2025-08-05,202.78290655256814,204.71702329589334,201.54667827641916,202.3043670654297,44155100
2025-08-06,205.00615029681612,214.72657006985978,204.96626313259566,212.60302734375,108483100
2025-08-07,218.2159523061407,220.1799768073744,215.92292715514498,219.36245727539062,90224800
2025-08-08,220.16001960779298,230.29916273925562,218.58481138779996,228.6541748046875,113854000
2025-08-11,227.48640043221798,229.12327986736793,224.3324083989562,226.747802734375,61806100
2025-08-12,227.57622481823222,230.36092560837628,226.63802588155738,229.21310424804688,55626200
2025-08-13,230.6304284784954,234.55294488479396,229.99163136972763,232.88612365722656,69878500
2025-08-14,233.6147219132583,234.67270293292236,230.41083714463488,232.337158203125,51916300
2025-08-15,233.5548328767578,233.834298979768,228.9036945156081,231.1494140625,56038700
2025-08-18,231.25921652669462,232.67651332576617,229.672244959047,230.4507598876953,37476200
2025-08-19,230.84001516813981,232.42698672077375,228.9136940815642,230.1213836669922,39402600
2025-08-20,229.54248102593337,230.0315543310328,225.3404986724704,225.5800323486328,42263900
2025-08-21,225.83955683035407,226.08908123987146,223.35428822884654,224.47215270996094,30621200
2025-08-22,225.73973438952316,228.65417758009713,224.98118568943215,227.3267059326172,42477800
2025-08-25,226.04912998143794,228.86377239669042,225.79960559269966,226.72784423828125,30983100
2025-08-26,226.43840339540802,229.0534295301293,224.26255788237486,228.87376403808594,54575100
2025-08-27,228.17510050695543,230.46073738560713,227.82576024347395,230.05152893066406,31259500
2025-08-28,230.3809040856524,232.9659733126178,228.90370861616245,232.11758422851562,38074700
2025-08-29,232.0676707602769,232.9360260407387,230.92984008944924,231.69837951660156,39418400
2025-09-02,228.81388239599917,230.4108447009183,226.53822101083426,229.28298950195312,44075600
2025-09-03,236.75874463665696,238.395624134605,233.9141603097862,238.01634216308594,66427800
2025-09-04,237.99636566705198,239.44360411673358,236.28962732845326,239.32383728027344,47549400
2025-09-05,239.54341659874092,240.86091270031892,238.03629475202086,239.2340087890625,54870400
2025-09-08,238.84475646782593,239.69313028194867,235.89038089866295,237.42745971679688,48999500
2025-09-09,236.54912730927947,238.3257397896772,232.9160527142261,233.9041748046875,66313900
2025-09-10,231.7482872752143,231.97784546194652,225.52015268533836,226.35855102539062,83440800
2025-09-11,226.44839058875493,230.01159113632517,226.21881717306923,229.59239196777344,50208600
2025-09-12,228.78393068206054,234.06386022938602,228.58431421011397,233.6247100830078,55824200
2025-09-15,236.54912714503797,237.7368657054393,234.58287368836292,236.24969482421875,42699500
2025-09-16,236.72878926810645,240.76111223381088,235.87043992435724,237.6969451904297,63421100
2025-09-17,238.5153883976145,239.6432435766681,237.27774187166392,238.5353546142578,46508000
2025-09-18,239.5134800259323,240.74113579799257,236.199788714976,237.42745971679688,44249600
2025-09-19,240.77107799962133,245.83144010441063,239.7530294205925,245.032958984375,163741300
2025-09-22,247.82763635806887,256.15178189089505,247.64797087114997,255.5928192138672,105517400
2025-09-23,255.39322235208516,256.8504363399061,253.0975947938589,253.9459686279297,60275200
2025-09-24,254.73446948849343,255.2534845023776,250.56241362070242,251.8300018310547,42303700
2025-09-25,252.72829161839874,256.6807646844572,251.2311452680336,256.3813171386719,55202100
2025-09-26,253.61660096533106,257.10994249251326,253.2972024297037,254.97401428222656,46076300
2025-09-29,254.0757261912774,254.5148915782133,252.52867184357527,253.9459686279297,40127700
2025-09-30,254.37515755125318,255.4331385813304,252.6284867333586,254.14559936523438,37704300
2025-10-01,254.55481135314994,258.29769267334166,254.44502000530687,254.9640350341797,48713900
2025-10-02,256.09186667190835,257.68882891050583,253.66649683440303,256.6408386230469,42630200
2025-10-03,254.18552630266564,258.7468246365968,253.46689477740222,257.5291442871094,49155600
2025-10-06,257.49917477533796,258.57713717661323,254.56478079871025,256.20166015625,44664100
2025-10-07,256.32145476920215,256.9103287268919,254.94407514023973,255.99209594726562,31955800
2025-10-08,256.03201279963565,258.0282082133661,255.62278908467795,257.569091796875,36496900
2025-10-09,257.3195337882977,257.50917476461467,252.65841993311406,253.55670166015625,38322000
2025-10-10,254.45500785015722,255.8922708493858,243.53581752909898,244.80340576171875,61999100
2025-10-13,248.90558714178317,249.2149949644775,245.09284695690994,247.18885803222656,38142900
2025-10-14,246.13087266264282,248.37659224814226,244.23447809703134,247.29864501953125,35478000
2025-10-15,249.01538540478128,251.3409547309234,246.99922390992754,248.86566162109375,33893600
2025-10-16,247.77774448085987,248.56623493239263,244.66368465033412,246.97926330566406,39777000
2025-10-17,247.5481624372989,252.89796599708643,246.79958926324147,251.81002807617188,49147000
2025-10-20,255.4032084113237,263.87706298772724,255.14370850365398,261.7411193847656,90483000
2025-10-21,261.3817895915523,264.7853058703715,261.3318664386604,262.27008056640625,46695900
2025-10-22,262.15033525743416,262.349966966352,254.94406918261987,257.9583435058594,45015300
2025-10-23,259.4454820834593,260.12418111371363,257.51916110368444,259.0861511230469,32754900
2025-10-24,260.69313376057823,263.62754335723145,258.68694768993146,262.3200378417969,38253700
2025-10-27,264.37609822840903,268.60802232244004,264.1465248140549,268.2986145019531,44888200
2025-10-28,268.4782600095115,269.3765722048576,267.63986169210665,268.4882507324219,41534800
2025-10-29,268.76770579477784,270.8936584399069,266.6018207191691,269.1869201660156,51086700
2025-10-30,271.4725408872279,273.6184749716116,267.969239224885,270.8836669921875,69886500
2025-10-31,276.4630533049319,276.79244258078194,268.647962249571,269.85565185546875,86167100
2025-11-03,269.90556627002525,270.33474092754267,265.74348587775046,268.53814697265625,50194600
2025-11-04,267.8195068636227,270.9734988318123,267.11086611942017,269.5262756347656,49274800
2025-11-05,268.0989800730272,271.18312844251227,266.4221834255846,269.6260986328125,43683100
2025-11-06,267.38037702601645,272.8798740142925,267.38037702601645,269.25677490234375,51204000
2025-11-07,269.28671541495146,271.7719991063764,266.26248096015127,267.9592590332031,48227400
2025-11-10,268.7085692371889,273.4741297822401,267.20997142836535,269.1781311035156,41312400
2025-11-11,269.55775905965567,275.65206242273547,269.5477586519058,274.99267578125,46208300
2025-11-12,274.74292397164845,275.4722525277038,271.4460210796085,273.21435546875,48398000
2025-11-13,273.85374352181776,276.4413491841305,271.83564282199285,272.6948547363281,49602800
2025-11-14,270.7965900477885,275.70200347225597,269.3479639093673,272.15533447265625,47431300
2025-11-17,268.5687054184609,270.2371271729127,265.48159771217263,267.2099609375,45018300
2025-11-18,269.7376065335732,270.4569347049811,265.0719890725528,267.19000244140625,45677300
2025-11-19,265.2817633125939,271.9555110777923,265.2517925781922,268.3089294433594,40424500
2025-11-20,270.5768036466949,275.17250947675234,265.67142054546326,266.0010986328125,45823600
2025-11-21,265.70137680880595,273.0744516711978,265.4216397990326,271.2361755371094,59030800
2025-11-24,270.64675212306133,276.7410558404627,270.64675212306133,275.6620788574219,65585800
2025-11-25,275.012667049666,280.1179060838009,274.9926967216935,276.7110900878906,46914200
2025-11-26,276.70108254872224,279.26868736786383,276.3714044558947,277.29052734375,33431400
2025-11-28,277.0008150112318,278.73917862681736,275.73198274965245,278.5893249511719,20135600
2025-12-01,277.75011957449965,283.1550658399818,275.88187257202503,282.8353576660156,46587700
2025-12-02,282.7354345985028,287.1313151163589,282.36578537497866,285.9224548339844,53669500
2025-12-03,285.9324708384744,288.35019153510143,283.0351573834178,283.8843688964844,43538700
2025-12-04,283.83440686502166,284.46382276925783,278.32954829392816,280.4375915527344,43989100
2025-12-05,280.27774306596746,280.8771882481053,277.79005013345267,278.5193786621094,47265800
2025-12-08,277.86998437615557,279.4085531850005,275.8918244790692,277.6302185058594,38211800
2025-12-09,277.8999627322321,279.7682096639769,276.6611317163261,276.9208679199219,32193300
2025-12-10,277.490342786908,279.48847306800184,276.1815698919154,278.5193786621094,33038300
2025-12-11,278.83908758708685,279.3286197507982,273.5540244422053,277.77008056640625,33248000
2025-12-12,277.64021728323,278.9589906850317,276.5612402656973,278.0198669433594,39532900
2025-12-15,279.8880911943856,279.8880911943856,272.5849275039148,273.8537292480469,50409100
2025-12-16,272.5649667835892,275.2424541197232,271.53593087885605,274.353271484375,37648600
2025-12-17,274.75292651919426,275.90184538512057,271.38608172110213,271.58587646484375,50138700
2025-12-18,273.35420232069225,273.374203136776,266.7004552212896,271.935546875,51630700
2025-12-19,271.8955859651445,274.34330788170604,269.64768928264715,273.4141845703125,144632000
2025-12-22,272.6048920133635,273.62395794129594,270.25711338978425,270.7166748046875,36571800
2025-12-23,270.5868091030317,272.2452609569047,269.30800689497966,272.1053771972656,29642000
2025-12-24,272.085389177814,275.17249671786806,271.9455359163183,273.55401611328125,17910600
2025-12-26,273.9037084592662,275.1125687682936,272.6049054553,273.1444091796875,21521800
2025-12-29,272.4350823114352,274.10350406329195,272.0954038139857,273.50408935546875,23715200
2025-12-30,272.5549704076282,273.82377221524894,272.02546707967076,272.82470703125,22139600
2025-12-31,272.80472532736104,273.42414083736213,271.49595243002375,271.6058349609375,27293600
2026-01-02,272.0054842546519,277.58025431004916,268.7485221479618,270.75665283203125,37838100
2026-01-05,270.38700744645297,271.25618925068443,265.89121426121545,267.0101623535156,45647200
2026-01-06,266.7503924619391,267.2998660934885,261.8749496989937,262.1147155761719,52352100
2026-01-07,262.95395138764474,263.4334831315393,259.56710600115036,260.08660888671875,48309800
2026-01-08,256.7797203952787,259.0476178563403,255.46096229095477,258.7978515625,50419300
2026-01-09,258.8377955175017,259.9667440583015,255.98048371428257,259.1275329589844,39997000
2026-01-12,258.9177364764393,261.05572011368304,256.5599267903311,260.0067138671875,45263800
2026-01-13,258.4781303943212,261.56523797230057,258.148452318208,260.8059387207031,45730800
2026-01-14,259.247418118488,261.57525710051715,256.4700180914029,259.71697998046875,40019400
2026-01-15,260.40631875644857,260.7959687899761,256.8096782083212,257.9685974121094,39388600
2026-01-16,257.6589020182799,258.6579671912775,254.69167723491495,255.29112243652344,72142800
2026-01-20,252.49373739571587,254.55180921698133,243.19244305608962,246.46937561035156,80267500
2026-01-21,248.46750904444812,251.3248360900433,244.9507953165175,247.41848754882812,54641700
2026-01-22,248.96703988447874,250.76536025794266,247.9180183962477,248.1178436279297,39708300
2026-01-23,247.08880782235642,249.17685039145397,244.45126111041233,247.80812072753906,41689000
2026-01-26,251.24490015634893,256.32015295784896,249.5664780183616,255.17123413085938,55969200
2026-01-27,258.92771692213245,261.70511669708895,257.96859246831417,258.0285339355469,49648300
2026-01-28,257.409147241713,258.61800761819165,254.27208306792676,256.2002868652344,41288000
2026-01-29,257.75880668092503,259.4072580677027,254.17216647920577,258.0385437011719,67253000
2026-01-30,254.93144331105526,261.6551472598355,251.94423313215475,259.2374267578125,92443400
2026-02-02,259.7869174093499,270.2371306501278,258.9676766447768,269.7575988769531,73913400
2026-02-03,268.9483513556569,271.6258386480508,267.3598109321867,269.22808837890625,64394700
2026-02-04,272.03545112075,278.68922850453845,272.03545112075,276.23150634765625,90545700
2026-02-05,277.86999494352693,279.2387093202658,272.97458180817284,275.6520690917969,52977400
2026-02-06,276.8609202349588,280.6473855638201,276.67109542368036,277.8599853515625,50453400
2026-02-09,277.9100036621094,278.20001220703125,271.70001220703125,274.6199951171875,44623400
2026-02-10,274.8900146484375,275.3699951171875,272.94000244140625,273.67999267578125,34376900
2026-02-11,274.70001220703125,280.17999267578125,274.45001220703125,275.5,51931300
2026-02-12,275.5899963378906,275.7200012207031,260.17999267578125,261.7300109863281,81077200
2026-02-13,262.010009765625,262.2300109863281,255.4499969482422,255.77999877929688,56290700
2026-02-17,258.04998779296875,266.2900085449219,255.5399932861328,263.8800048828125,58469100
2026-02-18,263.6000061035156,266.82000732421875,262.45001220703125,264.3500061035156,34203300
2026-02-19,262.6000061035156,264.4800109863281,260.04998779296875,260.5799865722656,30845300
2026-02-20,258.9700012207031,264.75,258.1600036621094,264.5799865722656,42070500
2026-02-23,263.489990234375,269.42999267578125,263.3800048828125,266.17999267578125,37308200
2026-02-24,267.8599853515625,274.8900146484375,267.7099914550781,272.1400146484375,47014600
2026-02-25,271.7799987792969,274.94000244140625,271.04998779296875,274.2300109863281,33714300
2026-02-26,274.95001220703125,276.1099853515625,270.79998779296875,272.95001220703125,32345100
2026-02-27,272.80999755859375,272.80999755859375,262.8900146484375,264.17999267578125,72366500
2026-03-02,262.4100036621094,266.5299987792969,260.20001220703125,264.7200012207031,41827900
2026-03-03,263.4800109863281,265.55999755859375,260.1300048828125,263.75,38568900
2026-03-04,264.6499938964844,266.1499938964844,261.4200134277344,262.5199890136719,39803100
2026-03-05,260.7900085449219,261.55999755859375,257.25,260.2900085449219,49658600
2026-03-06,258.6300048828125,258.7699890136719,254.3699951171875,257.4599914550781,41120000
2026-03-09,255.69000244140625,261.1499938964844,253.67999267578125,259.8800048828125,38218500
2026-03-10,257.6499938964844,262.4800109863281,256.95001220703125,260.8299865722656,30590800
2026-03-11,261.0899963378906,262.1300048828125,259.54998779296875,260.80999755859375,26218900
2026-03-12,258.6600036621094,258.95001220703125,254.17999267578125,255.75999450683594,40794000
2026-03-13,255.47999572753906,256.3299865722656,249.52000427246094,250.1199951171875,36930000
2026-03-16,252.11000061035156,253.88999938964844,249.8800048828125,252.82000732421875,32074200
2026-03-17,252.9600067138672,255.1300048828125,252.17999267578125,254.22999572753906,32361600
2026-03-18,252.6300048828125,254.94000244140625,249.0,249.94000244140625,35757900
2026-03-19,249.39999389648438,251.8300018310547,247.3000030517578,248.9600067138672,34864100
2026-03-20,247.97999572753906,249.1999969482422,246.0,247.99000549316406,88331100
2026-03-23,253.97000122070312,254.60000610351562,250.27999877929688,251.49000549316406,40546100
2026-03-24,250.35000610351562,254.8300018310547,249.5500030517578,251.63999938964844,45152300
2026-03-25,254.10000610351562,255.0,251.60000610351562,252.6199951171875,28476700
2026-03-26,252.11500549316406,257.0,250.77499389648438,252.88999938964844,41331888
